attack_id,attack_type,start_ts,end_ts
A1762600395_1606,fuzz,1762600395.951,1762600400.951
A1762600413_8192,fuzz,1762600413.910,1762600414.910
A1762600421_2382,spoof,1762600421.977,1762600422.977
A1762600626_9921,spoof,1762600626.230,1762600628.230
A1762600635_2371,spoof,1762600635.356,1762600636.356
A1762600642_2413,spoof,1762600642.421,1762600644.421
A1762600658_4618,spoof,1762600658.532,1762600660.532
A1762600667_1125,spoof,1762600667.637,1762600670.637
A1762600686_2814,fuzz,1762600686.754,1762600689.754
A1762600701_6291,spoof,1762600701.884,1762600706.884
A1762600712_2251,fuzz,1762600712.545,1762600716.545
A1762600721_9634,fuzz,1762600721.368,1762600723.368
A1762600735_3566,spoof,1762600735.447,1762600740.447
A1762600759_267,spoof,1762600759.637,1762600761.637
A1762600779_5641,fuzz,1762600779.730,1762600780.730
A1762600799_9149,fuzz,1762600799.799,1762600804.799
A1762600810_6171,fuzz,1762600810.990,1762600815.990
A1762600828_8344,spoof,1762600828.157,1762600833.157
A1762600840_7032,fuzz,1762600840.314,1762600843.314
A1762600849_2476,spoof,1762600849.401,1762600852.401
A1762600859_2395,spoof,1762600859.544,1762600861.544
A1762600866_671,fuzz,1762600866.633,1762600869.633
A1762600876_6553,fuzz,1762600876.755,1762600881.755
A1762600895_2267,spoof,1762600895.808,1762600898.808
A1762600910_1289,spoof,1762600910.927,1762600912.927
A1762600927_1620,spoof,1762600927.024,1762600930.024
A1762600935_1362,spoof,1762600935.145,1762600936.145
A1762600948_987,spoof,1762600948.219,1762600953.219
A1762600960_9779,fuzz,1762600960.390,1762600965.390
A1762600974_3798,fuzz,1762600974.492,1762600979.492
A1762601010_1259,spoof,1762601010.113,1762601011.113
A1762601031_2042,fuzz,1762601031.346,1762601032.346
A1762601041_8293,spoof,1762601041.401,1762601042.401
A1762601058_2504,spoof,1762601058.460,1762601059.460
A1762601064_3632,spoof,1762601064.518,1762601069.518
A1762601080_4813,spoof,1762601080.621,1762601082.621
A1762601100_1745,fuzz,1762601100.698,1762601103.698
A1762601110_4626,spoof,1762601110.779,1762601111.779
A1762601129_4572,spoof,1762601129.834,1762601134.834
A1762601711_9183,spoof,1762601711.437,1762601716.437
A1762601726_6829,spoof,1762601726.489,1762601728.489
A1762601747_2953,spoof,1762601747.029,1762601749.029
A1762601766_911,fuzz,1762601766.549,1762601769.549
A1762601775_1800,spoof,1762601775.600,1762601780.600
A1762601789_3510,spoof,1762601789.591,1762601794.591
A1762603125_9588,spoof,1762603125.053,1762603129.053
A1762603141_2133,fuzz,1762603141.625,1762603142.625
A1762603158_711,fuzz,1762603158.013,1762603163.013
A1762603167_4458,spoof,1762603167.708,1762603168.708
A1762603175_2911,fuzz,1762603175.031,1762603177.031
A1762603213_2383,spoof,1762603213.203,1762603217.203
A1762603299_1285,fuzz,1762603299.486,1762603304.486
A1762603329_1922,spoof,1762603329.919,1762603334.919
A1762603342_8666,spoof,1762603342.027,1762603343.027
A1762603509_9663,spoof,1762603509.046,1762603512.046
A1762603517_6885,fuzz,1762603517.271,1762603522.271
A1762604083_2462,spoof,1762604083.118,1762604086.118
A1762604102_9332,fuzz,1762604102.020,1762604106.020
A1762604109_9071,fuzz,1762604109.266,1762604113.266
A1762604510_7644,fuzz,1762604510.583,1762604512.583
A1762604532_2154,spoof,1762604532.022,1762604533.022
A1762604539_9952,spoof,1762604539.911,1762604541.911
A1762605193_7168,spoof,1762605193.185,1762605195.185
A1762605191_4030,fuzz,1762605191.558,1762605195.558
A1762605200_3356,spoof,1762605200.050,1762605202.050
A1762605527_9217,spoof,1762605527.607,1762605532.607
A1762606172_7125,spoof,1762606172.674,1762606174.674
A1762606189_7913,spoof,1762606189.085,1762606190.085
A1762612525_1733,fuzz,1762612525.539,1762612527.539
A1762612542_1179,spoof,1762612542.470,1762612543.470
A1762612555_3411,fuzz,1762612555.116,1762612557.116
A1762615524_9241,fuzz,1762615524.190,1762615528.190
A1762615542_287,spoof,1762615542.962,1762615546.962
A1762615553_2323,fuzz,1762615553.018,1762615554.018
A1762616031_9785,spoof,1762616031.270,1762616036.270
A1762616049_9308,spoof,1762616049.037,1762616054.037
A1762616590_4640,fuzz,1762616590.140,1762616594.140
A1762616603_6905,fuzz,1762616603.742,1762616605.742
A1762616624_2596,spoof,1762616624.083,1762616626.083
A1762617971_1000,fuzz,1762617971.281,1762617973.281
A1762617978_5580,fuzz,1762617978.024,1762617982.024
A1762617998_2827,fuzz,1762617998.054,1762618003.054
A1762618290_1419,spoof,1762618290.976,1762618294.976
A1762618310_7840,fuzz,1762618310.034,1762618311.034
A1762618317_83,spoof,1762618317.579,1762618322.579
A1762621420_1031,spoof,1762621420.469,1762621425.469
A1762621427_1524,spoof,1762621427.612,1762621430.612
A1762621447_6594,fuzz,1762621447.047,1762621448.047
A1762622212_6155,spoof,1762622212.128,1762622214.128
A1762622228_1471,fuzz,1762622228.063,1762622233.063
A1762622243_2249,spoof,1762622243.895,1762622247.895
A1762622253_5676,spoof,1762622253.953,1762622254.953
A1762623046_7610,spoof,1762623046.896,1762623047.896
A1762623090_8904,spoof,1762623090.241,1762623094.241
A1762623389_9117,spoof,1762623389.808,1762623393.808
A1762623400_1409,fuzz,1762623400.041,1762623405.041
A1762623616_3087,spoof,1762623616.578,1762623620.578
A1762623661_5168,fuzz,1762623661.165,1762623664.165
A1762623652_9182,fuzz,1762623652.008,1762623656.008
A1762623670_6865,spoof,1762623670.011,1762623672.011
A1762623685_1009,spoof,1762623685.062,1762623688.062
A1762624272_897,spoof,1762624272.246,1762624273.246
A1762624317_8999,fuzz,1762624317.206,1762624322.206
A1762624308_8498,spoof,1762624308.872,1762624311.872
A1762624325_3244,spoof,1762624325.992,1762624330.992
A1762624347_8094,fuzz,1762624347.933,1762624348.933
A1762625448_6654,fuzz,1762625448.659,1762625449.659
A1762625458_2670,fuzz,1762625458.083,1762625463.083
A1762625479_4377,spoof,1762625479.795,1762625484.795
A1762625491_1481,fuzz,1762625491.706,1762625495.706
A1762625508_8682,spoof,1762625508.831,1762625511.831
A1762625521_2482,fuzz,1762625521.095,1762625523.095
A1762625968_317,spoof,1762625968.852,1762625973.852
A1762626079_4075,spoof,1762626079.762,1762626082.762
A1762626089_746,spoof,1762626089.057,1762626090.057
A1762626100_4486,fuzz,1762626100.017,1762626103.017
A1762626120_1392,spoof,1762626120.783,1762626125.783
A1762626134_1410,spoof,1762626134.868,1762626139.868
A1762626534_1587,fuzz,1762626534.881,1762626539.881
A1762626606_7591,fuzz,1762626607.001,1762626610.001
A1762626645_3211,fuzz,1762626645.647,1762626650.647
A1762626634_6101,fuzz,1762626634.544,1762626635.544
A1762626646_91,spoof,1762626646.090,1762626651.090
A1762626666_2700,fuzz,1762626666.530,1762626671.530
A1762626684_8895,fuzz,1762626684.597,1762626688.597
A1762626968_101,spoof,1762626968.237,1762626971.237
A1762626978_590,spoof,1762626978.082,1762626983.082
A1762626993_5612,spoof,1762626993.033,1762626998.033
A1762627026_9206,spoof,1762627026.246,1762627029.246
A1762627022_7238,spoof,1762627022.155,1762627023.155
A1762627028_2115,spoof,1762627028.091,1762627032.091
A1762627071_5654,fuzz,1762627071.302,1762627074.302
A1762627193_9541,fuzz,1762627193.939,1762627194.939
A1762627209_2884,spoof,1762627209.070,1762627213.070
A1762627216_4711,spoof,1762627216.417,1762627217.417
A1762627222_2234,spoof,1762627222.067,1762627227.067
A1762627355_7570,spoof,1762627355.520,1762627358.520
A1762627370_6738,spoof,1762627370.080,1762627375.080
A1762627383_6255,spoof,1762627383.652,1762627387.652
A1762627403_489,fuzz,1762627403.693,1762627405.693
A1762627436_7430,spoof,1762627436.885,1762627441.885
A1762661186_50,spoof_forward,1762661186.352788,1762661216.247460
A1762661195_7223,spoof_forward,1762661195.665082,1762661226.269961
A1762661996_8681,spoof_forward,1762661996.349449,1762662027.493189
A1762662006_2338,spoof_forward,1762662006.923917,1762662037.521504
A1762662124_8079,spoof_forward,1762662124.887167,1762662129.003682
A1762662137_976,spoof_forward,1762662137.008379,1762662167.696676
A1762662672_3542,spoof_brake,1762662672.186130,1762662703.524208
A1762662682_8521,spoof_brake,1762662682.962103,1762662713.537145
A1762662916_4775,spoof_reverse,1762662916.549831,1762662948.970371
A1762662928_1749,spoof_reverse,1762662928.419889,1762662958.982396
A1762663156_2013,spoof_steer,1762663156.994917,1762663189.362063
A1762663168_8077,spoof_steer,1762663168.809429,1762663199.373996
A1762663395_3635,fuzz_edme,1762663395.849163,1762663424.758945
A1762663404_2673,fuzz_edme,1762663404.209424,1762663434.777705
A1762663574_3514,fuzz_eps,1762663574.200031,1762663605.057296
A1762663584_4174,fuzz_eps,1762663584.507000,1762663615.072040
A1762663790_2746,fuzz_random,1762663790.437701,1762663795.384248
A1762663774_1851,fuzz_random,1762663774.839048,1762663805.404642
A1762664301_7083,dos,1762664301.304278,1762664306.163417
A1762664285_2305,dos,1762664285.624760,1762664316.179124
A1762664343_243,dos,1762664343.665889,1762664376.264656
A1762664355_2335,dos,1762664355.724981,1762664386.278081
A1762664707_7814,,1762664707.839,1762664708.839
A1762664743_2872,spoof_forward,1762664743.875,1762664748.875
A1762664754_631,,1762664754.197,1762664757.197
A1762664764_6989,dos,1762664764.072,1762664769.072
A1762664776_8355,fuzz_eps,1762664776.427,1762664780.427
A1762664788_9396,,1762664788.394,1762664790.394
A1762664831_2567,fuzz_random,1762664831.991,1762664832.991
A1762693437_9610,dos,1762693437.168522,1762693467.664462
A1762693447_1299,dos,1762693447.542572,1762693477.674912
A1762693457_5318,dos,1762693457.548773,1762693487.702574
A1762694530_1478,spoof_steer,1762694530.675,1762694534.675
A1762694538_4162,,1762694538.133,1762694543.133
A1762694588_8922,fuzz_eps,1762694588.352,1762694593.352
A1762694576_8324,,1762694576.925,1762694577.925
A1762695722_3560,spoof_reverse,1762695722.740,1762695723.740
A1762695728_2928,,1762695728.077,1762695731.077
A1762695738_4819,,1762695766.302,1762695771.302
A1762695760_5930,spoof_steer,1762695760.284,1762695765.284
A1762695771_8050,spoof_steer,1762695771.295,1762695772.295
A1762696111_3409,spoof_forward,1762696111.594232,1762696142.017832
A1762696121_7032,spoof_forward,1762696121.946496,1762696151.979712
A1762696131_3335,spoof_forward,1762696131.892331,1762696161.998377
A1762697390_7377,fuzz_random,1762697390.388065,1762697418.977568
A1762697398_225,fuzz_random,1762697398.908976,1762697428.985372
A1762697408_4824,fuzz_random,1762697408.920038,1762697438.986911
A1762697792_9340,fuzz_edme,1762697792.871,1762697797.871
A1762697813_1803,,1762697813.614,1762697818.614
A1762697836_2868,spoof_steer,1762697864.673,1762697868.673
A1762697857_8638,spoof_steer,1762697857.676,1762697861.676
A1762698568_1507,spoof_forward,1762698568.522,1762698573.522
A1762698686_5695,spoof_brake,1762698686.607,1762698689.607
A1762698716_434,,1762698716.195,1762698721.195
A1762698935_4655,fuzz_edme,1762698935.689,1762698939.689
A1762699181_4291,,1762699181.777,1762699182.777
A1762699391_5777,dos,1762699391.712,1762699392.712
A1762699407_8388,fuzz_edme,1762699407.058,1762699410.058
A1762699422_3094,fuzz_eps,1762699422.212,1762699427.212
A1762699440_7103,spoof_forward,1762699440.269,1762699445.269
A1762699719_3865,fuzz_random,1762699719.500,1762699723.500
A1762699710_6503,spoof_reverse,1762699710.040,1762699712.040
A1762699726_1766,fuzz_eps,1762699726.034,1762699731.034
A1762702134_6075,spoof_forward,1762702134.757,1762702144.757
A1762702152_1380,fuzz_eps,1762702152.495,1762702158.495
A1762702165_5678,dos,1762702165.476,1762702175.476
A1762702202_8471,fuzz_eps,1762702202.587,1762702211.587
A1762702195_5622,fuzz_random,1762702195.047,1762702202.047
A1762702319_149,spoof_forward,1762702319.832220,1762702351.741273
A1762702331_7773,spoof_forward,1762702331.746881,1762702361.760819
A1762702427_2844,spoof_forward,1762702427.439063,1762702456.909597
A1762702464_9866,spoof_forward,1762702464.917963,1762702469.037777
A1762702634_4987,spoof_forward,1762702634.704906,1762702639.011124
A1762702647_1657,spoof_forward,1762702647.013492,1762702677.241878
A1762702747_8114,spoof_forward,1762702747.155637,1762702777.394484
A1762702826_805,spoof_brake,1762702826.837722,1762702857.519982
A1762702837_8191,spoof_brake,1762702837.533782,1762702867.543826
A1762702997_3376,spoof_reverse,1762702997.956825,1762703002.745717
A1762702982_1021,spoof_reverse,1762702982.763052,1762703012.755592
A1762703096_944,spoof_forward,1762703096.283049,1762703127.919720
A1762703107_8460,spoof_forward,1762703107.931436,1762703137.948251
A1762703320_4694,spoof_reverse,1762703320.184740,1762703348.261059
A1762703328_1978,spoof_reverse,1762703328.278057,1762703358.280430
A1762703460_6240,spoof_steer,1762703460.860494,1762703465.011746
A1762703473_2082,spoof_steer,1762703473.024270,1762703503.482041
A1762703560_4156,fuzz_edme,1762703560.907761,1762703565.005910
A1762703573_6558,fuzz_edme,1762703573.016460,1762703603.642539
A1762703702_1889,spoof_reverse,1762703702.703076,1762703733.858888
A1762703713_679,spoof_reverse,1762703713.890855,1762703743.883128
A1762703864_150,spoof_steer,1762703864.076091,1762703894.163801
A1762703874_6692,spoof_steer,1762703874.196461,1762703904.195734
A1762703994_3369,fuzz_eps,1762703994.129486,1762704024.381043
A1762704004_5166,fuzz_eps,1762704004.408412,1762704034.393490
A1762704130_8125,fuzz_random,1762704130.897157,1762704159.576432
A1762704139_6531,fuzz_random,1762704139.604320,1762704169.597933
A1762704212_8502,fuzz_random,1762704212.835910,1762704244.707667
A1762704224_2171,fuzz_random,1762704224.738334,1762704254.734049
A1762704335_5927,dos,1762704335.059021,1762704364.930020
A1762704344_7112,dos,1762704344.966984,1762704374.944544
A1762704408_1291,dos,1762704408.594584,1762704440.046534
A1762704420_9472,dos,1762704420.088350,1762704450.076134
A1762704533_9564,fuzz_random,1762704533.911,1762704540.911
A1762704550_1341,fuzz_eps,1762704550.359,1762704560.359
A1762704571_9382,fuzz_random,1762704571.332,1762704578.332
A1762704880_8088,spoof_forward,1762704880.009952,1762704910.772829
A1762704890_5393,spoof_forward,1762704890.806064,1762704920.870499
A1762704900_1223,spoof_forward,1762704900.902730,1762704930.829703
A1762706002_3061,fuzz_random,1762706002.606991,1762706007.460077
A1762706056_2513,spoof_reverse,1762706056.313472,1762706087.615134
A1762706067_5005,fuzz_edme,1762706067.648238,1762706097.612503
A1762706077_8169,spoof_forward,1762706077.648056,1762706107.628019
A1762706087_1236,spoof_forward,1762706087.657554,1762706117.641029
A1762706097_914,fuzz_random,1762706097.671864,1762706127.669039
A1773983182_6746,spoof_steer,1773983182.370532,1773983413.139583
A1773983190_1346,fuzz_edme,1773983190.917023,1773983423.156421
A1773983200_5794,fuzz_eps,1773983200.929020,1773983433.183023
A1773983210_1975,fuzz_eps,1773983210.956572,1773983443.211507
A1773983220_3038,spoof_forward,1773983220.991133,1773983453.228785
A1773983461_7992,spoof_steer,1773983461.241469,1773983466.018633
A1773983243_9488,spoof_brake,1773983243.793837,1773983248.022470
A1773994593_9521,spoof_forward,1773994593.818019,1773994827.151566
A1773994631_1757,spoof_forward,1773994631.437432,1773994862.216921
A1773994640_4644,spoof_forward,1773994640.150452,1773994872.256468
A1773994723_2609,spoof_forward,1773994723.020484,1773994957.431700
A1773994735_8914,spoof_forward,1773994735.383936,1773994967.415051
A1773994862_9079,spoof_forward,1773994862.101264,1773995092.657578
A1773994870_8100,spoof_forward,1773994870.586553,1773995102.670566
A1773994880_9101,spoof_forward,1773994880.599242,1773995112.797783
A1773994890_5797,spoof_forward,1773994890.781703,1773995122.834004
A1773994900_9302,spoof_forward,1773994900.799658,1773995132.876964
A1773994910_1145,spoof_forward,1773994910.834056,1773995142.890517
A1773995262_1178,spoof_forward,1773995262.159127,1773995493.526392
A1773995271_6463,spoof_forward,1773995271.467208,1773995503.563734
A1773995281_2261,spoof_forward,1773995281.503155,1773995513.566141
A1773995291_4422,spoof_forward,1773995291.516004,1773995523.595899
A1773995301_8414,spoof_forward,1773995301.545340,1773995533.609989
A1773995311_8916,spoof_forward,1773995311.551849,1773995543.648128
A1773995321_8154,spoof_forward,1773995321.592599,1773995553.660530
A1773995331_4938,spoof_forward,1773995331.400035,1773995563.712318
A1773995341_9433,spoof_forward,1773995341.676715,1773995573.751129
A1773995351_6401,spoof_forward,1773995351.764584,1773995583.782011
A1773995952_1683,spoof_forward,1773995952.132059,1773995960.175908
A1773995968_588,spoof_forward,1773995968.177467,1773995976.198941
A1773995984_5737,spoof_forward,1773995984.219105,1773995992.236318
A1773996000_1335,spoof_forward,1773996000.247310,1773996008.273135
A1773996063_5237,spoof_forward,1773996063.288027,1773996071.328184
A1773996079_8487,spoof_forward,1773996079.359142,1773996087.398585
A1773996117_4101,spoof_forward,1773996117.299358,1773996350.127326
A1773996128_499,spoof_forward,1773996128.073615,1773996360.142451
A1773996138_4860,spoof_forward,1773996138.089171,1773996370.166590
A1773996148_7485,spoof_forward,1773996148.127055,1773996380.182292
A1774016474_6623,spoof_forward,1774016474.396306,1774016708.425818
A1774016485_9576,spoof_forward,1774016485.082418,1774016718.434812
A1774016495_464,spoof_forward,1774016495.088785,1774016728.481954
A1774016621_3299,spoof_forward,1774016621.408376,1774016853.666233
A1774016630_7465,spoof_forward,1774016630.325328,1774016863.694114
A1774016640_8290,spoof_forward,1774016640.356690,1774016873.736244
A1777078234_6820,spoof_forward,1777078234.283920,1777078239.008038
A1777078246_9192,spoof_forward,1777078246.044084,1777078251.008416
A1777078335_5918,spoof_forward,1777078335.922682,1777078340.019481
A1777078348_5833,spoof_forward,1777078348.035601,1777078353.031513
A1777078925_9793,spoof_steer,1777078925.832600,1777078930.010636
A1777078938_3327,spoof_steer,1777078938.028381,1777078943.025556
A1777078950_3075,spoof_forward,1777078950.014042,1777078955.038074
A1777079318_879,fuzz_eps,1777079318.770157,1777079323.013684
A1777079330_2379,spoof_brake,1777079330.055866,1777079335.011167
A1777079512_9349,fuzz_edme,1777079512.506951,1777079517.003117
A1777079532_520,spoof_steer,1777079532.022857,1777079537.004969
A1777079551_6169,dos,1777079551.065887,1777079556.008907
A1777079571_7168,spoof_forward,1777079571.021077,1777079576.005911
A1777079591_7113,fuzz_edme,1777079591.018979,1777079596.003965
A1777079610_1907,dos,1777079610.046793,1777079615.012335
A1777079630_1961,spoof_brake,1777079630.023021,1777079635.003917
A1777079649_9583,spoof_steer,1777079649.277322,1777079654.007218
A1777079669_2094,dos,1777079669.028679,1777079674.003627
A1777079689_1466,fuzz_random,1777079689.043900,1777079694.006702
A1777079708_361,spoof_forward,1777079708.032095,1777079713.011276
A1777080822_3198,fuzz_random,1777080822.822579,1777080827.003139
A1777080846_5164,spoof_reverse,1777080846.053799,1777080851.013685
A1777080870_2951,fuzz_eps,1777080870.058196,1777080875.015834
A1777080895_7536,fuzz_random,1777080895.034031,1777080900.013092
A1777080920_8513,dos,1777080920.027856,1777080925.029206
A1777080944_3000,spoof_forward,1777080944.102225,1777080949.008472
A1777080968_1168,spoof_reverse,1777080968.058348,1777080973.013727
A1777080992_8688,fuzz_random,1777080992.046578,1777080997.007157
A1777081017_3288,spoof_steer,1777081017.032633,1777081022.009907
A1777081042_9109,dos,1777081042.025734,1777081047.014263
A1777081066_8573,spoof_reverse,1777081066.086964,1777081071.003772
A1777081090_1030,spoof_forward,1777081090.082654,1777081095.006179
A1777081115_5588,spoof_reverse,1777081115.058887,1777081120.006932
A1777081140_9990,spoof_brake,1777081140.030194,1777081145.009379
A1777081164_268,spoof_steer,1777081164.095323,1777081169.008241
A1777081188_4202,fuzz_eps,1777081188.069349,1777081193.020878
A1777081212_4436,spoof_brake,1777081212.078941,1777081217.007969
A1777081237_5299,dos,1777081237.018784,1777081242.010637
A1777081262_765,fuzz_random,1777081262.035431,1777081267.006161
A1777081330_8288,fuzz_eps,1777081330.287242,1777081335.007837
A1777081360_6774,fuzz_eps,1777081360.050125,1777081365.020653
A1777081390_2029,spoof_brake,1777081390.073881,1777081395.015162
A1777081420_1487,fuzz_random,1777081420.071100,1777081425.016976
A1777081450_7205,fuzz_eps,1777081450.100925,1777081455.009240
A1777081480_4921,spoof_brake,1777081480.066864,1777081485.006943
A1777081510_7648,spoof_steer,1777081510.049313,1777081515.024051
A1777081683_3778,fuzz_random,1777081683.185653,1777081688.003303
A1777081703_1554,dos,1777081703.017713,1777081708.004456
A1777081987_8022,spoof_brake,1777081987.028397,1777081992.009836
A1777082017_7799,fuzz_edme,1777082017.067713,1777082022.020271
A1777082047_7208,spoof_steer,1777082047.075651,1777082052.018195
A1777082077_5311,fuzz_eps,1777082077.083323,1777082082.009469
A1777082107_5019,fuzz_random,1777082107.135903,1777082112.037160
A1777082137_4716,spoof_brake,1777082137.093176,1777082142.013818
A1777083173_4267,fuzz_random,1777083173.872540,1777083178.014204
A1777083193_1073,fuzz_eps,1777083193.177941,1777083198.010110
A1777083527_7585,fuzz_random,1777083527.383776,1777083532.005054
A1777083549_75,fuzz_eps,1777083549.118265,1777083554.019166
A1777083571_370,spoof_steer,1777083571.132971,1777083576.018695
A1777083594_3132,dos,1777083594.033879,1777083599.005729
A1777083615_655,fuzz_eps,1777083615.879066,1777083620.007835
A1777083638_1808,spoof_steer,1777083638.031590,1777083643.011716
A1777083660_5399,dos,1777083660.191520,1777083665.005274
A1777083682_3974,fuzz_eps,1777083682.140884,1777083687.007664
A1777083705_26,fuzz_edme,1777083705.085339,1777083710.020098
A1777083728_597,spoof_steer,1777083728.055163,1777083733.002928
A1777083750_859,fuzz_edme,1777083750.133192,1777083755.011569
A1777083772_9850,dos,1777083772.139916,1777083777.006229
A1777085854_6615,dos,1777085854.450705,1777085859.019083
A1777085880_9446,spoof_forward,1777085880.049985,1777085885.033013
A1777085906_7182,spoof_forward,1777085906.056273,1777085911.003012
A1777085931_1079,spoof_brake,1777085931.188615,1777085936.019948
A1777086069_3031,spoof_forward,1777086069.339411,1777086074.004776
A1777086103_1731,spoof_reverse,1777086103.167624,1777086108.015232
A1777086137_5118,fuzz_edme,1777086137.242905,1777086142.036483
A1777086171_5432,spoof_forward,1777086171.253210,1777086176.025279
A1777086205_7146,spoof_brake,1777086205.256227,1777086210.008836
A1777086662_7544,spoof_brake,1777086662.877008,1777086667.032537
A1777086687_3844,spoof_reverse,1777086687.217474,1777086692.027661
A1777086712_9624,fuzz_random,1777086712.225846,1777086717.004019
A1777086737_6679,fuzz_edme,1777086737.201562,1777086742.013705
A1777086763_3082,fuzz_random,1777086763.031982,1777086768.014808
A1777086789_9939,spoof_brake,1777086789.059931,1777086794.017767
A1777086869_5715,spoof_forward,1777086869.144050,1777086874.025797
A1777086893_5591,fuzz_eps,1777086893.230270,1777086898.053449
A1777086918_6795,spoof_steer,1777086918.076807,1777086923.003936
A1777086942_9638,fuzz_edme,1777086942.201118,1777086947.007969
A1777086966_3182,spoof_brake,1777086966.211417,1777086971.015591
A1777086990_2975,fuzz_eps,1777086990.223074,1777086995.003872
A1777087015_6123,fuzz_random,1777087015.018265,1777087020.011508
A1777087040_1086,spoof_forward,1777087040.025214,1777087045.009080
A1777087064_5594,fuzz_eps,1777087064.217309,1777087069.031131
A1777087088_5478,spoof_brake,1777087088.290375,1777087093.014353
A1777087251_5631,fuzz_random,1777087251.765180,1777087256.003843
A1777087279_5615,spoof_reverse,1777087279.208345,1777087284.015907
A1777087307_2722,dos,1777087307.236321,1777087312.013603
A1777087335_9683,fuzz_edme,1777087335.248538,1777087340.018516
A1777087412_78,fuzz_eps,1777087412.909033,1777087417.016125
A1777087445_629,spoof_brake,1777087445.225522,1777087450.008480
A1777087478_2766,fuzz_random,1777087478.229594,1777087483.014650
A1777087511_5184,fuzz_edme,1777087511.214640,1777087516.012947
A1777087544_105,spoof_forward,1777087544.291769,1777087549.007110
A1777087577_2370,fuzz_eps,1777087577.225730,1777087582.032844
A1777087771_4179,fuzz_random,1777087771.833923,1777087776.009817
A1777087806_9378,fuzz_eps,1777087806.044383,1777087811.016803
A1777087840_3230,spoof_reverse,1777087840.225488,1777087845.055890
A1777087874_5785,spoof_reverse,1777087874.313581,1777087879.013754
A1777087910_8839,fuzz_edme,1777087910.482284,1777087915.032245
A1777087941_5624,spoof_steer,1777087941.289340,1777087946.006608
A1777087972_2158,fuzz_random,1777087972.241102,1777087977.005474
A1777088033_145,spoof_reverse,1777088033.208884,1777088038.012782
A1777088058_4551,spoof_steer,1777088058.028915,1777088063.013786
A1777088083_916,spoof_steer,1777088083.043067,1777088088.042322
A1777088107_2076,spoof_reverse,1777088107.332948,1777088112.011827
A1777088131_96,fuzz_edme,1777088131.233204,1777088136.027335
A1777088155_599,fuzz_eps,1777088155.239150,1777088160.028305
A1777088180_7373,spoof_reverse,1777088180.040857,1777088185.026236
A1777088205_8993,fuzz_random,1777088205.042799,1777088210.047728
A1777088229_4668,fuzz_eps,1777088229.314907,1777088234.011550
A1777088253_5641,fuzz_random,1777088253.258521,1777088258.031974
A1777088278_756,spoof_reverse,1777088278.067406,1777088283.020292
A1777088303_7353,spoof_steer,1777088303.054348,1777088308.021761
A1777088327_373,spoof_brake,1777088327.257831,1777088332.027148
A1777088351_6557,spoof_reverse,1777088351.262919,1777088356.004551
A1777088375_179,fuzz_eps,1777088375.222896,1777088380.032623
A1777088400_9077,spoof_reverse,1777088400.048521,1777088405.019878
A1777088424_1426,spoof_reverse,1777088424.264120,1777088429.011493
A1777088448_8114,spoof_forward,1777088448.259559,1777088453.010123
A1777088472_1766,spoof_steer,1777088472.258248,1777088477.010597
A1777088497_7347,dos,1777088497.038331,1777088502.014090
A1777088522_7181,spoof_brake,1777088522.052704,1777088527.015696
A1777088546_1325,fuzz_eps,1777088546.257189,1777088551.020237
A1777088570_2338,fuzz_eps,1777088570.283468,1777088575.012393
A1777088594_1458,fuzz_edme,1777088594.263912,1777088599.008723
A1777088619_6496,fuzz_random,1777088619.026370,1777088624.014574
A1777088643_6453,fuzz_eps,1777088643.247384,1777088648.029171
A1777088667_8273,fuzz_eps,1777088667.254775,1777088672.014186
A1777088691_313,spoof_forward,1777088691.246739,1777088696.003324
A1777088716_8154,spoof_brake,1777088716.019259,1777088721.032626
A1777088741_582,fuzz_edme,1777088741.051836,1777088746.005353
A1777088765_6016,fuzz_edme,1777088765.260903,1777088770.007927
A1777088789_172,spoof_forward,1777088789.255068,1777088794.015513
A1777088900_3597,fuzz_random,1777088900.936148,1777088905.012167
A1777088932_5144,fuzz_edme,1777088932.234167,1777088937.012282
A1777088964_7698,fuzz_random,1777088964.283624,1777088969.007518
A1777088996_5713,fuzz_eps,1777088996.310837,1777089001.009097
A1777089028_1763,fuzz_eps,1777089028.241559,1777089033.018495
A1777089060_5519,dos,1777089060.270408,1777089065.032283
A1777089092_3326,fuzz_eps,1777089092.256252,1777089097.010967
A1777089124_5978,fuzz_eps,1777089124.243393,1777089129.015176
A1777089156_6982,dos,1777089156.305688,1777089161.009840
A1777089188_7611,fuzz_random,1777089188.266409,1777089193.019363
A1777089221_4805,spoof_reverse,1777089221.047314,1777089226.043511
A1777089254_976,dos,1777089254.066500,1777089259.018767
A1777089287_5369,fuzz_random,1777089287.047987,1777089292.018624
A1777089319_7583,spoof_steer,1777089319.269112,1777089324.023385
A1777089351_8847,spoof_steer,1777089351.286294,1777089356.030498
A1777089383_3375,spoof_steer,1777089383.280574,1777089388.035777
A1777089415_7642,fuzz_random,1777089415.322694,1777089420.028705
A1777089447_2362,fuzz_eps,1777089447.295877,1777089452.018820
A1777089479_9119,spoof_reverse,1777089479.273391,1777089484.019608
A1777089511_7448,fuzz_eps,1777089511.268546,1777089516.004582
A1777089543_447,dos,1777089543.238485,1777089548.013327
A1777089575_8223,spoof_forward,1777089575.277079,1777089580.012399
A1777089607_4522,fuzz_random,1777089607.296129,1777089612.011016
A1777089639_817,spoof_forward,1777089639.259179,1777089644.013977
A1777089671_8107,spoof_steer,1777089671.269480,1777089676.007684
A1777089703_3989,spoof_steer,1777089703.261354,1777089708.016557
A1777089735_651,spoof_forward,1777089735.267720,1777089740.007551
A1777089767_8191,spoof_reverse,1777089767.288974,1777089772.015299
A1777089799_5968,spoof_reverse,1777089799.261264,1777089804.014591
A1777089831_1248,fuzz_eps,1777089831.262857,1777089836.009252
A1777089863_4191,fuzz_edme,1777089863.262412,1777089868.005252
A1777089895_470,dos,1777089895.260447,1777089900.044478
A1777089927_513,spoof_brake,1777089927.297293,1777089932.016627
A1777089959_6245,spoof_brake,1777089959.285642,1777089964.009054
A1777089991_9745,fuzz_eps,1777089991.290990,1777089996.005467
A1777090023_4287,dos,1777090023.243594,1777090028.020798
A1777090055_6700,fuzz_eps,1777090055.256807,1777090060.028696
A1777090087_4828,spoof_reverse,1777090087.294591,1777090092.008462
A1777090119_4796,fuzz_edme,1777090119.295129,1777090124.044606
A1777090151_2886,dos,1777090151.333991,1777090156.017332
A1777090183_7648,fuzz_eps,1777090183.268637,1777090188.005472
A1777090215_9299,spoof_steer,1777090215.258976,1777090220.020522
A1781011947_4731,fuzz_random,1781011947.812364,1781011988.212577
A1781011968_2792,spoof_forward,1781011968.169204,1781012008.285251
A1781011988_1384,spoof_brake,1781011988.239722,1781012028.312243
A1781012083_2695,spoof_forward,1781012083.193355,1781012123.530567
A1781012103_8810,fuzz_random,1781012103.481161,1781012143.556273
A1781012130_4211,fuzz_eps,1781012130.961220,1781012173.750950
A1781012150_7599,fuzz_random,1781012150.737136,1781012193.812292
A1781012170_2867,fuzz_eps,1781012170.765467,1781012213.849325
A1781012190_9472,fuzz_edme,1781012190.800802,1781012233.883389
A1781012210_3769,fuzz_eps,1781012210.832623,1781012253.928721
A1781012230_6534,spoof_reverse,1781012230.897817,1781012273.974516
A1781012250_4832,spoof_brake,1781012250.926416,1781012294.009513
A1781012270_9513,fuzz_eps,1781012270.956865,1781012314.068765
A1781012291_6115,spoof_brake,1781012291.013538,1781012334.091448
A1781012311_2386,fuzz_eps,1781012311.042612,1781012354.107533
A1781012331_8243,fuzz_random,1781012331.061685,1781012374.193799
A1781012351_7396,spoof_reverse,1781012351.184492,1781012394.197183
A1781012371_8200,spoof_forward,1781012371.152154,1781012414.211974
A1781012414_7071,spoof_forward,1781012414.550230,1781012454.372640
A1781012431_5533,spoof_brake,1781012431.361787,1781012474.477489
A1781012451_4821,spoof_brake,1781012451.389724,1781012494.559940
A1781012471_9793,fuzz_random,1781012471.512269,1781012514.647024
A1781012491_3009,fuzz_random,1781012491.634510,1781012534.780224
A1781012511_3568,spoof_steer,1781012511.740608,1781012554.843221
A1781012531_2858,fuzz_random,1781012531.820307,1781012536.008063
A1781012551_2849,fuzz_eps,1781012551.808229,1781012595.042804
A1781012571_8329,spoof_reverse,1781012571.998445,1781012615.167997
A1781012592_7839,spoof_forward,1781012592.157670,1781012635.270388
A1781012612_4065,spoof_brake,1781012612.232308,1781012655.282710
A1781012632_3047,spoof_forward,1781012632.251441,1781012675.317976
A1781013135_6005,spoof_steer,1781013135.517095,1781013176.202796
A1781013163_8425,spoof_steer,1781013163.162071,1781013206.298852
A1781013193_858,spoof_steer,1781013193.265991,1781013236.342967
A1781013223_6437,spoof_steer,1781013223.299895,1781013266.411568
A1781013334_816,spoof_steer,1781013334.829939,1781013376.683959
A1781013353_2134,spoof_steer,1781013353.694088,1781013396.706303
A1781013373_2022,spoof_steer,1781013373.715859,1781013416.832793
A1781013393_4688,spoof_steer,1781013393.835262,1781013436.886722
A1781013462_9559,spoof_brake,1781013462.432612,1781013502.194969
A1781013479_1789,spoof_brake,1781013479.164526,1781013522.291483
A1781013499_2774,spoof_steer,1781013499.363550,1781013542.380286
A1781013519_8223,fuzz_random,1781013519.377414,1781013562.412919
A1781014057_5567,spoof_reverse,1781014057.735010,1781014098.402592
A1781014088_9651,spoof_forward,1781014088.402388,1781014128.544886
A1781014118_2533,spoof_steer,1781014118.567117,1781014158.590314
A1781014148_7080,fuzz_random,1781014148.474142,1781014188.708498
A1781014178_836,fuzz_random,1781014178.685349,1781014218.709438
A1781014208_6151,spoof_forward,1781014208.677958,1781014248.768318
A1781014238_1412,fuzz_eps,1781014238.749128,1781014278.758785
A1781014268_9458,fuzz_eps,1781014268.725928,1781014308.788722
A1781079156_3496,fuzz_random,1781079156.614257,1781079161.030425
A1781079188_8222,dos,1781079188.051246,1781079230.914373
A1781079218_2781,spoof_reverse,1781079218.203769,1781079260.993277
A1781079433_5149,fuzz_random,1781079433.707673,1781079476.345401
A1781079451_4268,spoof_brake,1781079451.634783,1781079491.401565
A1781079466_3867,dos,1781079466.701773,1781079506.479055
A1781079521_109,spoof_steer,1781079521.518177,1781079526.023000
A1781079501_8210,dos,1781079501.359548,1781079541.595841
A1781079556_6661,fuzz_eps,1781079556.621675,1781079561.673076
A1781080100_2192,spoof_steer,1781080100.262858,1781080142.782738
A1781080677_8557,spoof_steer,1781080677.808958,1781080719.001244
A1781080697_6225,spoof_steer,1781080697.341628,1781080739.032627
A1781081214_7020,spoof_steer,1781081214.119581,1781081255.354585
A1781081489_8580,spoof_steer,1781081489.689771,1781081531.481002
A1781081513_1697,spoof_steer,1781081513.016856,1781081556.590635
A1781083043_2218,spoof_steer,1781083043.848261,1781083084.238196
A1781083158_704,spoof_steer,1781083158.951664,1781083199.576074
A1781083185_5427,spoof_steer,1781083185.919509,1781083229.581426
A1781083365_1331,spoof_steer,1781083365.694493,1781083370.079043
A1781083385_2483,spoof_steer,1781083385.174106,1781083425.248071
A1781083440_2664,spoof_steer,1781083440.460526,1781083445.236133
A1781083653_8244,spoof_steer,1781083653.607544,1781083696.190268
A1781083685_1365,spoof_steer,1781083685.546297,1781083726.395597
A1781083864_8617,spoof_forward,1781083864.826924,1781083906.765571
A1781083888_6375,spoof_forward,1781083888.137990,1781083931.907439
A1781085279_1170,spoof_forward,1781085279.751363,1781085319.760505
A1781085307_5921,spoof_forward,1781085307.155536,1781085349.824270
A1781085337_7954,spoof_forward,1781085337.204005,1781085379.895627
A1781085367_3709,spoof_forward,1781085367.286874,1781085409.960314
A1781085397_887,spoof_forward,1781085397.336927,1781085440.032172
A1781085427_2858,spoof_forward,1781085427.410266,1781085470.076820
A1781085457_3587,spoof_forward,1781085457.458170,1781085500.175576
A1781085500_718,spoof_forward,1781085500.951481,1781085505.076606
A1781085526_5271,spoof_forward,1781085526.135418,1781085570.397393
A1781086216_6723,spoof_forward,1781086216.514152,1781086257.103734
A1781086289_7022,spoof_forward,1781086289.851997,1781086332.243388
A1781086311_5088,spoof_forward,1781086311.669570,1781086352.339761
A1781086331_6169,spoof_forward,1781086331.758998,1781086372.417623
A1781086351_2816,spoof_forward,1781086351.825340,1781086392.854411
A1781086401_1807,spoof_forward,1781086401.592617,1781086442.819449
A1781086420_4542,spoof_forward,1781086420.245980,1781086462.862075
A1781086440_1121,spoof_forward,1781086440.260335,1781086482.937113
A1781086460_2788,spoof_forward,1781086460.345620,1781086503.012855
A1781086480_9089,spoof_forward,1781086480.424780,1781086523.098735
A1781086500_9481,spoof_forward,1781086500.527207,1781086543.103418
A1781086543_1313,spoof_forward,1781086543.198500,1781086583.268020
A1781086560_2355,spoof_forward,1781086560.721925,1781086603.392345
A1781087117_2180,spoof_forward,1781087117.852324,1781087159.283340
A1781087187_1642,spoof_forward,1781087187.756765,1781087229.516304
A1781087299_4256,spoof_forward,1781087299.100285,1781087339.881692
A1781087320_7791,spoof_forward,1781087320.283874,1781087359.946679
A1781087340_6907,spoof_forward,1781087340.358769,1781087380.053982
A1781087360_7496,spoof_forward,1781087360.478438,1781087400.172451
A1781087420_3858,spoof_forward,1781087420.211940,1781087425.307520
A1781087413_9211,spoof_forward,1781087413.715794,1781087455.323288
A1781087509_6196,spoof_forward,1781087509.652245,1781087550.724651
A1781087529_4651,spoof_forward,1781087529.147258,1781087570.706143
A1781087596_4397,fuzz_edme,1781087596.652564,1781087601.064461
A1781087628_1078,fuzz_edme,1781087628.115511,1781087671.000703
A1781087658_1009,fuzz_edme,1781087658.419870,1781087701.079256
A1781087688_4882,fuzz_edme,1781087688.483192,1781087731.187889
A1781087718_9452,fuzz_edme,1781087718.591439,1781087761.231707
A1781087748_3814,fuzz_edme,1781087748.646339,1781087791.276470
A1781087778_6998,fuzz_edme,1781087778.668531,1781087821.330337
A1781087808_425,fuzz_edme,1781087808.754681,1781087851.408867
A1781087838_3452,fuzz_edme,1781087838.832815,1781087881.465359
A1781087868_2463,fuzz_edme,1781087868.889129,1781087911.514400
A1781087898_3522,fuzz_edme,1781087898.948896,1781087941.574457
A1781087928_2839,fuzz_edme,1781087928.991997,1781087971.611320
A1781087959_9580,fuzz_edme,1781087959.015138,1781088001.659796
A1781087989_6637,fuzz_edme,1781087989.098667,1781088031.734763
A1781098092_8989,fuzz_edme,1781098092.291186,1781098133.482672
A1781098117_7663,fuzz_edme,1781098117.044433,1781098158.571928
A1781098142_8666,fuzz_edme,1781098142.124926,1781098183.720650
A1781098223_1847,fuzz_edme,1781098223.741744,1781098263.957310
A1781098243_8914,fuzz_edme,1781098243.512861,1781098284.056679
A1781098263_1416,fuzz_edme,1781098263.608668,1781098304.124658
A1781098283_5706,fuzz_edme,1781098283.699803,1781098284.972920
A1781098755_1321,fuzz_edme,1781098755.078885,1781098795.027376
A1781098776_4048,fuzz_edme,1781098776.603989,1781098820.269522
A1781098801_1884,fuzz_edme,1781098801.919565,1781098845.389023
A1781098826_3050,fuzz_edme,1781098826.960026,1781098870.529250
A1781098852_9836,fuzz_edme,1781098852.099193,1781098895.570094
A1781098877_7206,fuzz_edme,1781098877.136267,1781098920.616672
A1781098902_6571,fuzz_edme,1781098902.158344,1781098945.684961
A1781098927_9202,fuzz_edme,1781098927.263465,1781098970.724854
A1781098952_7058,fuzz_edme,1781098952.263893,1781098995.808641
A1781098977_8339,fuzz_edme,1781098977.348033,1781099020.881454
A1781099002_7901,fuzz_edme,1781099002.408500,1781099045.914451
A1781099027_2569,fuzz_edme,1781099027.481099,1781099071.000328
A1781099052_4602,fuzz_edme,1781099052.517741,1781099096.049406
A1781099077_815,fuzz_edme,1781099077.588608,1781099121.100665
A1781099102_8255,fuzz_edme,1781099102.636964,1781099146.155616
A1781099127_256,fuzz_edme,1781099127.685871,1781099171.179238
A1781099152_8016,fuzz_edme,1781099152.722697,1781099196.256008
A1781099177_5111,fuzz_edme,1781099177.792477,1781099221.267312
A1781099202_2919,fuzz_edme,1781099202.803763,1781099246.333980
A1781099227_477,fuzz_edme,1781099227.856825,1781099271.380756
A1781099252_4791,fuzz_edme,1781099252.910811,1781099296.450691
A1781099277_6372,fuzz_edme,1781099277.978140,1781099321.521903
A1781099303_8708,fuzz_edme,1781099303.052748,1781099346.562765
A1781099328_9749,fuzz_edme,1781099328.104392,1781099371.606388
A1781099353_1923,fuzz_edme,1781099353.155991,1781099396.668214
A1781099378_4473,fuzz_edme,1781099378.199691,1781099421.759216
A1781099403_2569,fuzz_edme,1781099403.325404,1781099446.779647
A1781099428_700,fuzz_edme,1781099428.319051,1781099471.827615
A1781099453_8780,fuzz_edme,1781099453.386071,1781099496.882966
A1781099478_8862,fuzz_edme,1781099478.437972,1781099521.947763
A1781099503_5186,fuzz_edme,1781099503.499304,1781099546.986613
A1781099528_6847,fuzz_edme,1781099528.527634,1781099572.046891
A1781099553_2100,fuzz_edme,1781099553.595064,1781099597.079898
A1781099578_6429,fuzz_edme,1781099578.624216,1781099622.135681
A1781099603_4892,fuzz_edme,1781099603.674213,1781099647.192777
A1781099628_410,fuzz_edme,1781099628.754663,1781099672.272800
A1781099653_9422,fuzz_edme,1781099653.812747,1781099697.305597
A1781099678_119,fuzz_edme,1781099678.853598,1781099722.373965
A1781099703_3364,fuzz_edme,1781099703.926906,1781099747.417441
A1781101548_3849,spoof_forward,1781101548.926684,1781101553.824760
A1781101529_2562,spoof_forward,1781101529.471359,1781101569.046061
A1781101584_8083,spoof_forward,1781101584.086516,1781101589.388200
A1781101701_7342,spoof_forward,1781101701.419910,1781101744.632762
A1781101720_7749,spoof_forward,1781101720.205712,1781101759.715334
A1781101735_6218,spoof_forward,1781101735.285154,1781101774.769997
A1781101840_5677,spoof_forward,1781101840.404398,1781101880.279039
A1781101855_4104,spoof_forward,1781101855.865712,1781101895.360541
A1781101870_7806,spoof_forward,1781101870.595839,1781101910.496373
A1781101937_2607,spoof_forward,1781101937.771089,1781101980.698498
A1781101995_112,spoof_forward,1781101995.792576,1781102000.765300
A1781101976_2273,spoof_forward,1781101976.337626,1781102015.831319
A1781101991_3316,spoof_forward,1781101991.412516,1781102030.933073
A1781102006_8203,spoof_forward,1781102045.974821,1781102051.012071
A1781102026_5086,spoof_forward,1781102026.583877,1781102066.045516
A1781102074_6915,spoof_forward,1781102074.097505,1781102116.253228
A1781102091_9148,spoof_forward,1781102091.840740,1781102131.439722
A1781102146_1235,spoof_forward,1781102146.521521,1781102151.496880
A1781102215_1010,spoof_brake,1781102215.992512,1781102256.815035
A1781102232_9397,spoof_brake,1781102232.403264,1781102271.863706
A1781102247_1015,spoof_brake,1781102247.446937,1781102286.942521
A1781102262_716,spoof_brake,1781102262.517535,1781102302.004641
A1781102291_38,spoof_brake,1781102291.800155,1781102332.040264
A1781102307_5710,spoof_brake,1781102307.624824,1781102347.158274
A1781102322_3872,spoof_brake,1781102322.745902,1781102362.243397
A1781102392_9235,spoof_brake,1781102392.054131,1781102432.401278
A1781102447_1385,spoof_brake,1781102447.440210,1781102452.513088
A1781102458_3892,spoof_steer,1781102458.031291,1781102497.628708
A1781102473_378,spoof_steer,1781102473.218656,1781102512.704717
A1781102488_6283,spoof_steer,1781102488.369008,1781102527.872994
A1781102503_6421,spoof_steer,1781102503.434733,1781102542.903746
A1781102518_4948,spoof_steer,1781102518.476481,1781102557.934079
A1781102545_6019,spoof_steer,1781102545.808760,1781102588.196952
A1781102563_2682,spoof_steer,1781102563.767470,1781102603.315903
A1781102612_302,spoof_steer,1781102612.940536,1781102653.562334
A1781102668_5608,spoof_steer,1781102668.601520,1781102673.578627
A1781102649_1654,spoof_steer,1781102649.178882,1781102688.766831
A1781102703_9572,spoof_steer,1781102703.828400,1781102708.847981
A1781102723_7505,spoof_steer,1781102723.876884,1781102728.955216
A1781102704_1526,spoof_steer,1781102704.538745,1781102744.020777
A1781102780_6652,spoof_steer,1781102780.867411,1781102824.216020
A1781102799_8139,spoof_steer,1781102799.799184,1781102839.267000
A1781102814_4075,spoof_steer,1781102854.305624,1781102859.373131
A1781102834_447,spoof_steer,1781102834.965820,1781102874.543271
A1781102850_4425,spoof_steer,1781102850.133228,1781102889.631826
A1781102886_9462,spoof_steer,1781102886.995249,1781102929.722164
A1781102905_6609,spoof_steer,1781102905.307588,1781102944.967603
A1781102960_6932,spoof_steer,1781102960.005846,1781102965.072038
A1781103044_8660,spoof_steer,1781103044.719402,1781103085.424089
A1781103060_3062,spoof_steer,1781103061.000856,1781103100.480767
A1781103115_5924,spoof_steer,1781103115.507961,1781103120.588900
A1781103096_1284,spoof_steer,1781103096.177620,1781103135.647692
A1781103319_8456,fuzz_edme,1781103319.545508,1781103361.205498
A1781103336_3148,fuzz_edme,1781103336.800416,1781103376.446220
A1781103391_3025,fuzz_edme,1781103391.570144,1781103396.473375
A1781103372_1560,fuzz_edme,1781103372.073153,1781103411.544726
A1781103387_703,fuzz_edme,1781103387.123421,1781103431.573392
A1781103407_3414,fuzz_edme,1781103407.172730,1781103446.641032
A1781103407_7326,fuzz_edme,1781103407.179719,1781103446.653606
A1781103461_2437,fuzz_edme,1781103461.706318,1781103466.693759
A1781103461_2792,fuzz_edme,1781103461.685710,1781103466.704134
A1781103481_4236,fuzz_edme,1781103481.721523,1781103486.746498
A1781103481_4945,fuzz_edme,1781103481.759971,1781103486.758840
A1781103462_8833,fuzz_edme,1781103462.346578,1781103501.845619
A1781103462_1233,fuzz_edme,1781103462.359235,1781103501.866278
A1781103507_9153,fuzz_edme,1781103507.480760,1781103546.969375
A1781103562_4225,fuzz_edme,1781103562.005012,1781103567.024405
A1781103582_2128,fuzz_edme,1781103582.186925,1781103587.126614
A1781103562_6265,fuzz_edme,1781103562.679319,1781103602.165406
A1781103602_8233,fuzz_edme,1781103602.220996,1781103642.273238
A1781103617_3451,fuzz_edme,1781103617.892274,1781103657.346970
A1781103632_4885,fuzz_edme,1781103632.947609,1781103672.391738
A1781103678_9422,fuzz_edme,1781103678.965861,1781103722.549304
A1781103698_4904,fuzz_edme,1781103737.597906,1781103742.641282
A1781103718_4424,fuzz_edme,1781103757.668264,1781103762.693878
A1781103738_3891,fuzz_edme,1781103738.291767,1781103777.741966
A1781103813_1398,fuzz_eps,1781103813.561598,1781103853.051946
A1781103828_6700,fuzz_eps,1781103868.091929,1781103873.156029
A1781103848_954,fuzz_eps,1781103848.780444,1781103888.252165
A1781103932_3902,fuzz_eps,1781103932.767759,1781103973.554825
A1781103949_1638,fuzz_eps,1781103949.153645,1781103988.597503
A1781103964_3677,fuzz_eps,1781103964.211987,1781104003.666989
A1781103979_6865,fuzz_eps,1781103979.273866,1781104018.932807
A1781104045_7920,fuzz_eps,1781104045.179493,1781104089.081674
A1781104104_9342,fuzz_eps,1781104104.236016,1781104109.246890
A1781104124_5326,fuzz_eps,1781104124.273235,1781104129.322301
A1781104144_9810,fuzz_eps,1781104144.351494,1781104149.359965
A1781104148_4998,fuzz_eps,1781104148.692001,1781104189.493760
A1781104204_9912,fuzz_eps,1781104204.553544,1781104209.575777
A1781104224_7722,fuzz_eps,1781104224.599702,1781104229.612164
A1781104205_4521,fuzz_eps,1781104205.244032,1781104244.661173
A1781104268_9526,fuzz_eps,1781104268.825989,1781104309.925076
A1781104285_5509,fuzz_eps,1781104285.827114,1781104290.038430
A1781104305_4960,fuzz_eps,1781104305.054636,1781104345.162362
A1781104360_8012,fuzz_eps,1781104360.200170,1781104365.266392
A1781104380_4369,fuzz_eps,1781104380.283340,1781104385.297040
A1781104512_3605,dos,1781104512.181718,1781104555.705752
A1781104531_2086,dos,1781104531.318356,1781104570.824221
A1781104585_3662,dos,1781104585.855987,1781104590.861022
A1781104566_4598,dos,1781104566.462893,1781104605.951890
A1781104581_9415,dos,1781104581.563314,1781104621.004702
A1781104623_3300,dos,1781104623.573754,1781104666.164244
A1781104681_5478,dos,1781104681.195837,1781104691.306419
A1781104706_1049,dos,1781104706.343628,1781104716.400467
A1781104731_3591,dos,1781104731.417736,1781104741.454026
A1781104736_8814,dos,1781104736.546349,1781104776.544293
A1781104751_2505,dos,1781104751.766688,1781104791.804527
A1781104806_753,dos,1781104806.830917,1781104816.848241
A1781104831_2751,dos,1781104831.862302,1781104841.889928
A1781104856_1317,dos,1781104856.920411,1781104866.945496
A1781104842_595,dos,1781104842.551995,1781104881.979432
A1781104857_6454,dos,1781104857.582335,1781104897.012069
A1781104989_1418,fuzz_edme,1781104989.998357,1781105032.375140
A1781105047_791,fuzz_edme,1781105047.439889,1781105052.464347
A1781105067_5052,fuzz_edme,1781105067.511287,1781105072.615265
A1781105121_7388,fuzz_edme,1781105121.903785,1781105162.967181
A1781105177_1015,fuzz_edme,1781105178.005389,1781105183.215273
A1781105198_351,fuzz_edme,1781105198.341317,1781105203.279802
A1781105254_639,fuzz_edme,1781105254.609048,1781105259.018386
A1781105274_3333,fuzz_edme,1781105274.069848,1781105313.761696
A1781105328_2788,fuzz_edme,1781105328.802107,1781105333.996585
A1781105375_8742,fuzz_edme,1781105375.222853,1781105419.313045
A1781105434_9589,fuzz_edme,1781105434.391885,1781105439.400375
A1781105454_1795,fuzz_edme,1781105454.470153,1781105459.413610
A1781105550_2574,fuzz_edme,1781105550.015918,1781105590.257452
A1781105603_3491,fuzz_edme,1781105603.427973,1781105645.524848
A1781105660_88,fuzz_edme,1781105621.355770,1781105626.113758
A1781105641_9042,fuzz_edme,1781105641.194008,1781105680.656993
A1781105744_8066,fuzz_edme,1781105744.991996,1781105786.235627
A1781105801_5423,fuzz_edme,1781105801.328195,1781105806.361085
A1781105782_6885,fuzz_edme,1781105821.427406,1781105826.482308
A1781105874_1065,fuzz_edme,1781105874.593732,1781105916.937589
A1781105932_553,fuzz_edme,1781105932.014447,1781105937.052519
A1781105992_5256,fuzz_edme,1781105992.786167,1781106032.264929
A1781106047_527,fuzz_edme,1781106047.295242,1781106052.344972
A1781106067_8092,fuzz_edme,1781106067.369611,1781106077.507862
A1781106228_279,fuzz_edme,1781106228.565923,1781106268.267597
A1781106283_2294,fuzz_edme,1781106283.339406,1781106288.294206
A1781106303_1698,fuzz_edme,1781106303.414097,1781106308.433046
A1781106387_1114,fuzz_edme,1781106387.601082,1781106428.860603
A1781106404_4605,fuzz_edme,1781106404.520512,1781106443.976402
A1781106459_4254,fuzz_edme,1781106459.028394,1781106464.045871
A1781106487_8120,fuzz_edme,1781106487.104482,1781106529.465969
A1781106505_7486,fuzz_edme,1781106505.203077,1781106549.426069
A1781106525_6282,fuzz_edme,1781106564.490572,1781106569.571963
A1781106673_6663,fuzz_edme,1781106673.536038,1781106715.201795
A1781106730_9263,fuzz_edme,1781106730.292512,1781106735.276263
A1781106750_2650,fuzz_edme,1781106750.372050,1781106755.413584
A1781106921_2153,fuzz_eps,1781106921.371716,1781106961.272662
A1781106976_8768,fuzz_eps,1781106976.289998,1781106981.354229
A1781106996_3135,fuzz_eps,1781106996.415851,1781107001.346527
A1781107095_545,fuzz_eps,1781107095.808631,1781107136.874734
A1781107236_6525,fuzz_eps,1781107236.592896,1781107277.190526
A1781107292_5302,fuzz_eps,1781107292.252025,1781107297.302438
A1781107312_1705,fuzz_eps,1781107312.316207,1781107317.351646
A1781107359_7774,fuzz_eps,1781107359.465616,1781107402.644480
A1781107417_6573,fuzz_eps,1781107417.709087,1781107422.728069
A1781107437_5601,fuzz_eps,1781107437.811888,1781107442.898776
A1781107545_4127,fuzz_eps,1781107545.994926,1781107588.467311
A1781107564_1855,fuzz_eps,1781107564.120913,1781107603.592787
A1781107579_1102,fuzz_eps,1781107579.259289,1781107618.761002
A1781107633_6248,fuzz_eps,1781107633.780809,1781107638.811134
A1781107682_3316,fuzz_eps,1781107682.795990,1781107724.138205
A1781107739_1876,fuzz_eps,1781107739.168694,1781107744.221248
A1781107744_4512,fuzz_eps,1781107744.206760,1781107784.407412
A1781107760_1179,fuzz_eps,1781107760.354167,1781107765.018618
A1781107780_2140,fuzz_eps,1781107780.075075,1781107819.842077
A1781107795_9533,fuzz_eps,1781107795.520867,1781107834.878267
A1781107826_8759,fuzz_eps,1781107826.188785,1781107870.265736
A1781107885_2409,fuzz_eps,1781107885.299639,1781107890.258351
A1781107905_2897,fuzz_eps,1781107905.286837,1781107910.433938
A1781107979_8665,fuzz_eps,1781107979.435624,1781108020.785282
A1781108035_8854,fuzz_eps,1781108035.875867,1781108040.944310
A1781108056_6069,fuzz_eps,1781108056.451298,1781108096.097356
A1781108111_2607,fuzz_eps,1781108111.174872,1781108116.187541
A1781108091_5944,fuzz_eps,1781108091.849552,1781108131.306023
A1781108206_4554,spoof_steer,1781108206.860776,1781108246.647092
A1781108261_7553,spoof_steer,1781108261.715217,1781108266.675339
A1781108274_459,spoof_steer,1781108274.604746,1781108316.841663
A1781108331_5618,spoof_steer,1781108331.953556,1781108336.898015
A1781108351_9471,spoof_steer,1781108351.935809,1781108357.069164
A1781108463_9850,spoof_steer,1781108463.496403,1781108472.444795
A1781108487_2272,spoof_steer,1781108487.622457,1781108492.566716
A1781108468_9138,spoof_steer,1781108468.221163,1781108507.619814
A1781108582_275,spoof_steer,1781108582.156053,1781108587.274800
A1781108563_6330,spoof_steer,1781108563.045925,1781108603.162059
A1781108578_4383,spoof_steer,1781108578.883547,1781108618.272747
A1781108619_934,spoof_steer,1781108619.553501,1781108663.502604
A1781108678_2656,spoof_steer,1781108678.569183,1781108683.639019
A1781108698_9082,spoof_steer,1781108698.834272,1781108703.730204
A1781108814_3518,spoof_steer,1781108814.352145,1781108819.205142
A1781108794_603,spoof_steer,1781108794.891133,1781108834.328498
A1781108849_9308,spoof_steer,1781108849.384470,1781108854.493317
A1781108869_9215,spoof_steer,1781108869.562510,1781108874.497749
A1781108888_4493,spoof_steer,1781108888.374842,1781108929.916598
A1781108944_4742,spoof_steer,1781108944.988672,1781108950.011477
A1781108965_925,spoof_steer,1781108965.059992,1781108970.188918
A1781109048_3530,spoof_steer,1781109048.542135,1781109090.653918
A1781109066_2354,spoof_steer,1781109105.696330,1781109110.738777
A1781109125_6385,spoof_steer,1781109125.777454,1781109130.841630
A1781109132_7305,spoof_steer,1781109132.358952,1781109176.077425
A1781109191_2625,spoof_steer,1781109191.224710,1781109196.100212
A1781109211_8950,spoof_steer,1781109211.177906,1781109216.131400
A1781109391_7258,spoof_steer,1781109391.577486,1781109396.105276
A1781109371_4799,spoof_steer,1781109371.860217,1781109412.111228
A1781109427_3586,spoof_steer,1781109427.156371,1781109432.170305
A1781109547_2304,spoof_forward,1781109547.051410,1781109588.095861
A1781109603_3956,spoof_forward,1781109603.136831,1781109608.135701
A1781109623_71,spoof_forward,1781109623.205485,1781109628.201541
A1781109720_6751,spoof_forward,1781109720.539136,1781109764.111581
A1781109779_535,spoof_forward,1781109779.135840,1781109784.386591
A1781109760_5249,spoof_forward,1781109760.251001,1781109804.321084
A1781109819_2681,spoof_forward,1781109819.367346,1781109824.362606
A1781109800_2406,spoof_forward,1781109800.056726,1781109839.526455
A1781109842_8939,spoof_forward,1781109842.947283,1781109884.817089
A1781109899_7466,spoof_forward,1781109899.871728,1781109904.923893
A1781109919_1042,spoof_forward,1781109919.948086,1781109924.983322
A1781109989_1202,spoof_forward,1781109989.671874,1781110030.638386
A1781110006_789,spoof_forward,1781110006.522351,1781110011.169783
A1781110090_1958,spoof_forward,1781110090.913223,1781110095.974956
A1781110071_9293,spoof_forward,1781110071.861379,1781110076.021096
A1781110091_1407,spoof_forward,1781110091.063942,1781110131.062965
A1781110216_8021,spoof_forward,1781110216.697951,1781110256.761812
A1781110271_7386,spoof_forward,1781110271.789273,1781110276.812961
A1781110291_3351,spoof_forward,1781110291.871897,1781110296.887485
A1781110344_8075,spoof_forward,1781110344.413851,1781110387.259187
A1781110362_1117,spoof_forward,1781110362.925324,1781110402.377378
A1781110417_6403,spoof_forward,1781110417.412666,1781110422.477053
A1781110398_1683,spoof_forward,1781110398.164349,1781110437.848264
A1781110413_6615,spoof_forward,1781110413.586420,1781110453.004692
A1781110484_2715,spoof_forward,1781110484.476636,1781110528.358408
A1781110503_1907,spoof_forward,1781110503.859744,1781110543.333437
A1781110558_3833,spoof_forward,1781110558.377386,1781110563.419644
A1781110578_9659,spoof_forward,1781110578.518942,1781110583.932255
A1781110559_4201,spoof_forward,1781110559.689456,1781110564.018320
A1781110579_376,spoof_forward,1781110579.196299,1781110619.014928
A1781110706_1856,spoof_forward,1781110706.389853,1781110749.613964
A1781110764_4353,spoof_forward,1781110764.716196,1781110769.621974
A1781110784_999,spoof_forward,1781110784.667482,1781110789.686692
A1781110765_1141,spoof_forward,1781110765.386971,1781110804.752167
