time,entropy
1762478275.777043,2.777776811456786
1762478276.277043,2.786115012874252
1762478276.777043,1.0
1762478277.277043,2.584962500721156
1762478297.277043,2.807354922057605
1762478297.777043,2.807354922057605
1762478298.277043,2.801002779861118
1762478298.777043,2.807354922057605
1762478299.277043,2.807354922057605
1762478299.777043,2.807354922057605
1762478300.277043,2.7990077544108973
1762478300.777043,2.807354922057605
1762478301.277043,2.801002779861118
1762478301.777043,2.75
1762478302.277043,2.779950000961542
1762478302.777043,2.78801928027969
1762478303.277043,2.807354922057605
1762478303.777043,2.7954618442383214
1762478304.277043,2.786115012874252
1762478304.777043,2.7924812503605785
1762478305.277043,2.807354922057605
1762478305.777043,2.7954618442383214
1762478306.277043,2.7990077544108973
1762478306.777043,2.807354922057605
1762478307.277043,2.807354922057605
1762478307.777043,2.807354922057605
1762478308.277043,2.793269689515109
1762478308.777043,1.584962500721156
1762478321.777043,2.75
1762478322.277043,2.807354922057605
1762478322.777043,2.807354922057605
1762478323.277043,2.807354922057605
1762478325.777043,2.789898095464288
1762478326.277043,2.807354922057605
1762478326.777043,2.7773627950641693
1762478327.277043,2.7954618442383214
1762478327.777043,2.798794940695399
1762478328.277043,2.7990077544108973
1762478328.777043,2.7942385860214762
1762478329.277043,2.777776811456786
1762478329.777043,2.7962176025900565
1762478330.277043,2.807354922057605
1762478330.777043,2.807354922057605
1762478331.277043,2.7954618442383214
1762478331.777043,2.807354922057605
1762478332.277043,2.807354922057605
1762478332.777043,2.807354922057605
1762478333.277043,2.793269689515109
1762478333.777043,2.777776811456786
1762478334.277043,2.807354922057605
1762478334.777043,2.807354922057605
1762478335.277043,2.793269689515109
1762478335.777043,2.7924812503605785
1762478336.277043,2.807354922057605
1762478336.777043,2.7773627950641693
1762478337.277043,2.807354922057605
1762478337.777043,2.807354922057605
1762478338.277043,2.801002779861118
1762478338.777043,2.789898095464288
1762478339.277043,2.7942385860214762
1762478339.777043,2.7962176025900565
1762478340.277043,2.807354922057605
1762478340.777043,2.807354922057605
1762478341.277043,2.807354922057605
1762478341.777043,2.7954618442383214
1762478342.277043,2.807354922057605
1762478342.777043,2.807354922057605
1762478343.277043,2.7954618442383214
1762478343.777043,2.7990077544108973
1762478344.277043,2.807354922057605
1762478344.777043,2.7990077544108973
1762478345.277043,2.7954618442383214
1762478345.777043,2.807354922057605
1762478346.277043,2.801002779861118
1762478346.777043,2.789898095464288
1762478347.277043,2.789898095464288
1762478347.777043,2.807354922057605
1762478348.277043,2.7924812503605785
1762478348.777043,2.807354922057605
1762478349.277043,2.807354922057605
1762478349.777043,2.807354922057605
1762478350.277043,2.807354922057605
1762478350.777043,2.807354922057605
1762478351.277043,2.801002779861118
1762478351.777043,2.789898095464288
1762478352.277043,2.807354922057605
1762478352.777043,2.801002779861118
1762478353.277043,2.7990077544108973
1762478353.777043,2.7990077544108973
1762478354.277043,2.807354922057605
1762478354.777043,2.7924812503605785
1762478355.277043,2.779950000961542
1762478355.777043,2.807354922057605
1762478356.277043,2.7942385860214762
1762478356.777043,2.786115012874252
1762478357.277043,2.75
1762478357.777043,2.807354922057605
1762478358.277043,2.7990077544108973
1762478358.777043,2.807354922057605
1762478359.277043,2.807354922057605
1762478359.777043,2.807354922057605
1762478360.277043,2.807354922057605
1762478360.777043,2.807354922057605
1762478361.277043,2.807354922057605
1762478361.777043,2.807354922057605
1762478362.777043,2.3219280948873626
1762478363.277043,1.584962500721156
1762478367.777043,2.3219280948873626
1762478368.277043,1.584962500721156
1762478372.777043,2.584962500721156
1762478373.277043,2.0
1762478377.777043,2.807354922057605
1762478378.277043,2.807354922057605
1762478382.777043,2.584962500721156
1762478383.277043,2.807354922057605
1762478387.777043,2.584962500721156
1762478388.277043,2.786115012874252
1762478388.777043,2.777776811456786
1762478389.277043,2.793269689515109
1762478389.777043,2.777776811456786
1762478390.277043,2.807354922057605
1762478390.777043,2.7962176025900565
1762478391.277043,2.7990077544108973
1762478391.777043,2.779950000961542
1762478392.277043,2.779950000961542
1762478392.777043,2.7773627950641693
1762478393.277043,0.0
1762478417.777043,2.7516291673878226
1762478418.277043,2.7321588913645707
1762478418.777043,2.807354922057605
1762478419.277043,2.7773627950641693
1762478419.777043,2.807354922057605
1762478420.277043,2.807354922057605
1762478420.777043,2.807354922057605
1762478421.277043,2.807354922057605
1762478421.777043,2.807354922057605
1762478422.277043,2.807354922057605
1762478422.777043,2.807354922057605
1762478423.277043,2.807354922057605
1762478423.777043,2.807354922057605
1762478424.277043,2.807354922057605
1762478424.777043,2.807354922057605
1762478425.277043,2.807354922057605
1762478425.777043,2.807354922057605
1762478426.277043,2.789898095464288
1762478426.777043,2.786115012874252
1762478427.277043,2.807354922057605
1762478427.777043,2.7321588913645707
1762478428.277043,2.721928094887362
1762478428.777043,2.7954618442383214
1762478429.277043,2.789898095464288
1762478429.777043,2.807354922057605
1762478430.277043,2.7773627950641693
1762478430.777043,2.789898095464288
1762478431.277043,2.807354922057605
1762478431.777043,2.7954618442383214
1762478432.277043,2.3219280948873626
1762478432.777043,2.7806390622295667
1762478433.277043,2.789898095464288
1762478433.777043,2.807354922057605
1762478434.277043,2.807354922057605
1762478434.777043,2.807354922057605
1762478435.277043,2.7954618442383214
1762478435.777043,2.789898095464288
1762478436.277043,2.807354922057605
1762478436.777043,2.807354922057605
1762478437.277043,2.7321588913645707
1762478437.777043,2.789898095464288
1762478438.277043,2.807354922057605
1762478438.777043,2.807354922057605
1762478439.277043,2.7954618442383214
1762478439.777043,2.789898095464288
1762478440.277043,2.807354922057605
1762478440.777043,2.807354922057605
1762478441.277043,2.807354922057605
1762478441.777043,2.807354922057605
1762478442.277043,2.584962500721156
1762478442.777043,2.789898095464288
1762478443.277043,2.7773627950641693
1762478443.777043,2.807354922057605
1762478444.277043,2.777776811456786
1762478444.777043,2.789898095464288
1762478445.277043,2.7806390622295667
1762478445.777043,2.807354922057605
1762478446.277043,2.7516291673878226
1762478446.777043,2.789898095464288
1762478447.277043,2.521640636343319
1762478447.777043,2.789898095464288
1762478448.277043,2.7954618442383214
1762478448.777043,2.807354922057605
1762478449.277043,2.789898095464288
1762478449.777043,2.807354922057605
1762478450.277043,2.807354922057605
1762478450.777043,2.807354922057605
1762478451.277043,2.807354922057605
1762478451.777043,2.807354922057605
1762478452.277043,2.807354922057605
1762478452.777043,2.7321588913645707
1762478453.277043,2.7527152789797054
1762478453.777043,2.779950000961542
1762478454.277043,2.7806390622295667
1762478454.777043,2.75
1762478455.277043,2.807354922057605
1762478455.777043,2.807354922057605
1762478456.277043,2.807354922057605
1762478456.777043,2.7321588913645707
1762478457.277043,1.5219280948873626
1762478457.777043,2.807354922057605
1762478458.277043,2.807354922057605
1762478458.777043,2.7773627950641693
1762478459.277043,2.7773627950641693
1762478459.777043,2.7516291673878226
1762478460.277043,2.7321588913645707
1762478460.777043,2.807354922057605
1762478461.277043,2.807354922057605
1762478461.777043,2.807354922057605
1762478462.277043,2.584962500721156
1762478462.777043,2.75
1762478463.277043,2.7942385860214762
1762478463.777043,2.807354922057605
1762478464.277043,2.807354922057605
1762478464.777043,2.807354922057605
1762478465.277043,2.7773627950641693
1762478465.777043,2.807354922057605
1762478466.277043,2.807354922057605
1762478466.777043,2.7516291673878226
1762478467.277043,1.584962500721156
1762478467.777043,2.807354922057605
1762478468.277043,2.7990077544108973
1762478468.777043,2.7954618442383214
1762478469.277043,2.7516291673878226
1762478469.777043,2.7806390622295667
1762478470.277043,2.789898095464288
1762478470.777043,2.807354922057605
1762478471.277043,2.807354922057605
1762478471.777043,2.807354922057605
1762478472.277043,2.807354922057605
1762478472.777043,2.7954618442383214
1762478473.277043,2.7783895435605945
1762478473.777043,2.7773627950641693
1762478474.277043,2.789898095464288
1762478474.777043,2.807354922057605
1762478475.277043,2.807354922057605
1762478475.777043,2.807354922057605
1762478476.277043,2.807354922057605
1762478476.777043,2.7954618442383214
1762478477.277043,2.75
1762478477.777043,2.807354922057605
1762478478.277043,2.807354922057605
1762478478.777043,2.807354922057605
1762478479.277043,2.807354922057605
1762478479.777043,2.786115012874252
1762478480.277043,2.7254805569978675
1762478480.777043,2.779950000961542
1762478481.277043,2.777776811456786
1762478481.777043,2.807354922057605
1762478482.277043,2.584962500721156
1762478482.777043,2.807354922057605
1762478483.277043,2.786115012874252
1762478483.777043,2.7954618442383214
1762478484.277043,2.807354922057605
1762478484.777043,2.807354922057605
1762478485.277043,2.789898095464288
1762478485.777043,2.807354922057605
1762478486.277043,2.807354922057605
1762478486.777043,2.807354922057605
1762478487.277043,2.7254805569978675
1762478487.777043,2.779950000961542
1762478488.277043,2.7990077544108973
1762478488.777043,2.807354922057605
1762478489.277043,2.807354922057605
1762478489.777043,2.807354922057605
1762478490.277043,2.807354922057605
1762478490.777043,2.807354922057605
1762478491.277043,2.789898095464288
1762478491.777043,2.786115012874252
1762478492.277043,2.75
1762478492.777043,2.807354922057605
1762478493.277043,2.807354922057605
1762478493.777043,2.807354922057605
1762478494.277043,2.807354922057605
1762478494.777043,2.807354922057605
1762478495.277043,2.789898095464288
1762478495.777043,2.7773627950641693
1762478496.277043,2.807354922057605
1762478496.777043,2.807354922057605
1762478497.277043,2.807354922057605
1762478497.777043,2.807354922057605
1762478498.277043,2.807354922057605
1762478498.777043,2.807354922057605
1762478499.277043,2.807354922057605
1762478499.777043,2.807354922057605
1762478500.277043,2.807354922057605
1762478500.777043,2.807354922057605
1762478501.277043,2.807354922057605
1762478501.777043,2.779950000961542
1762478502.277043,2.7254805569978675
1762478502.777043,2.75
1762478503.277043,2.807354922057605
1762478503.777043,2.779950000961542
1762478504.277043,2.7806390622295667
1762478504.777043,2.789898095464288
1762478505.277043,2.7773627950641693
1762478505.777043,2.807354922057605
1762478506.277043,2.789898095464288
1762478506.777043,2.807354922057605
1762478507.277043,2.7254805569978675
1762478507.777043,2.807354922057605
1762478508.277043,2.7990077544108973
1762478508.777043,2.807354922057605
1762478509.277043,2.807354922057605
1762478509.777043,2.807354922057605
1762478510.277043,2.7954618442383214
1762478510.777043,2.789898095464288
1762478511.277043,2.807354922057605
1762478511.777043,2.807354922057605
1762478512.277043,2.584962500721156
1762478512.777043,2.807354922057605
1762478513.277043,2.801002779861118
1762478513.777043,2.807354922057605
1762478514.277043,2.789898095464288
1762478514.777043,2.807354922057605
1762478515.277043,2.779950000961542
1762478515.777043,2.7806390622295667
1762478516.277043,2.7516291673878226
1762478516.777043,2.7806390622295667
1762478517.277043,2.251629167387823
1762478517.777043,2.807354922057605
1762478518.277043,2.807354922057605
1762478518.777043,2.807354922057605
1762478519.277043,2.807354922057605
1762478519.777043,2.807354922057605
1762478520.277043,2.779950000961542
1762478520.777043,2.7806390622295667
1762478521.277043,2.7773627950641693
1762478521.777043,2.7254805569978675
1762478522.277043,2.807354922057605
1762478522.777043,2.807354922057605
1762478523.277043,2.807354922057605
1762478523.777043,2.807354922057605
1762478524.277043,2.807354922057605
1762478524.777043,2.807354922057605
1762478525.277043,2.807354922057605
1762478525.777043,2.807354922057605
1762478526.277043,2.7773627950641693
1762478528.277043,2.807354922057605
1762478533.277043,2.3219280948873626
1762478538.277043,2.75
1762478543.277043,2.7254805569978675
1762478548.277043,2.807354922057605
1762478713.277043,2.7516291673878226
1762478713.777043,2.7806390622295667
1762478714.277043,2.789898095464288
1762478714.777043,2.807354922057605
1762478715.277043,2.807354922057605
1762478715.777043,2.807354922057605
1762478716.277043,2.807354922057605
1762478716.777043,2.807354922057605
1762478717.277043,2.7773627950641693
1762478717.777043,0.0
1762478732.777043,2.807354922057605
1762478733.277043,2.807354922057605
1762478733.777043,2.807354922057605
1762478734.277043,2.7321588913645707
1762478734.777043,2.721928094887362
1762478735.277043,2.779950000961542
1762478735.777043,2.7806390622295667
1762478736.277043,2.807354922057605
1762478736.777043,2.7516291673878226
1762478737.277043,2.7806390622295667
1762478737.777043,2.75
1762478738.277043,2.807354922057605
1762478738.777043,2.807354922057605
1762478739.277043,2.807354922057605
1762478739.777043,2.807354922057605
1762478740.277043,2.779950000961542
1762478740.777043,2.7806390622295667
1762478741.277043,2.807354922057605
1762478741.777043,2.789898095464288
1762478742.277043,2.807354922057605
1762478742.777043,1.584962500721156
1762478743.277043,2.807354922057605
1762478743.777043,2.801002779861118
1762478744.277043,2.802476151181475
1762478744.777043,2.8034086398791374
1762478745.277043,2.802476151181475
1762478745.777043,2.807354922057605
1762478746.277043,2.807354922057605
1762478746.777043,2.798794940695399
1762478747.277043,2.7995812306460652
1762478747.777043,2.7962176025900565
1762478748.277043,2.7984246515704094
1762478748.777043,2.807354922057605
1762478749.277043,2.798794940695399
1762478749.777043,2.7984246515704094
1762478750.277043,2.807354922057605
1762478750.777043,2.807354922057605
1762478751.277043,2.791706348823988
1762478751.777043,2.787430298092722
1762478752.277043,2.807354922057605
1762478752.777043,2.7924812503605785
1762478753.277043,2.807354922057605
1762478753.777043,2.807354922057605
1762478754.277043,2.802476151181475
1762478754.777043,2.807354922057605
1762478755.277043,2.789898095464288
1762478755.777043,2.7894628966680193
1762478756.277043,2.807354922057605
1762478756.777043,2.807354922057605
1762478757.277043,2.798794940695399
1762478757.777043,2.7924812503605785
1762478758.277043,2.801002779861118
1762478758.777043,2.807354922057605
1762478759.277043,2.789898095464288
1762478759.777043,2.807354922057605
1762478760.277043,2.779950000961542
1762478760.777043,2.777776811456786
1762478761.277043,2.807354922057605
1762478761.777043,2.807354922057605
1762478762.277043,2.807354922057605
1762478762.777043,2.584962500721156
1762478763.277043,2.789898095464288
1762478763.777043,2.7954618442383214
1762478764.277043,2.789898095464288
1762478764.777043,2.779950000961542
1762478765.277043,2.777776811456786
1762478765.777043,2.779950000961542
1762478766.277043,2.807354922057605
1762478766.777043,2.777776811456786
1762478767.277043,2.807354922057605
1762478767.777043,2.807354922057605
1762478768.277043,2.789898095464288
1762478768.777043,2.787430298092722
1762478769.277043,2.789898095464288
1762478769.777043,2.786115012874252
1762478770.277043,2.7806390622295667
1762478770.777043,2.7806390622295667
1762478771.277043,2.779950000961542
1762478771.777043,2.789898095464288
1762478772.277043,2.7954618442383214
1762478772.777043,0.0
1762478773.777043,2.807354922057605
1762478778.777043,2.721928094887362
1762478783.777043,2.807354922057605
1762478787.777043,2.584962500721156
1762478788.277043,2.789898095464288
1762478788.777043,2.7942385860214762
1762478789.277043,2.7773627950641693
1762478789.777043,2.7954618442383214
1762478790.277043,2.789898095464288
1762478790.777043,2.779950000961542
1762478791.277043,2.789898095464288
1762478791.777043,2.7806390622295667
1762478792.277043,2.807354922057605
1762478792.777043,2.807354922057605
1762478793.777043,2.807354922057605
1762478798.777043,2.807354922057605
1762478799.277043,2.807354922057605
1762478799.777043,2.777776811456786
1762478800.277043,2.779950000961542
1762478800.777043,2.807354922057605
1762478801.277043,2.779950000961542
1762478801.777043,2.807354922057605
1762478802.277043,2.7806390622295667
1762478802.777043,2.789898095464288
1762478803.277043,2.807354922057605
1762478803.777043,2.807354922057605
1762478804.277043,2.807354922057605
1762478804.777043,2.807354922057605
1762478805.277043,2.7954618442383214
1762478805.777043,2.789898095464288
1762478806.277043,2.807354922057605
1762478806.777043,2.807354922057605
1762478807.277043,2.807354922057605
1762478807.777043,2.807354922057605
1762478808.277043,2.793269689515109
1762478808.777043,2.7995812306460652
1762478809.277043,2.802476151181475
1762478809.777043,2.807354922057605
1762478810.277043,2.807354922057605
1762478810.777043,2.793269689515109
1762478811.277043,2.7995812306460652
1762478811.777043,2.802476151181475
1762478812.277043,2.807354922057605
1762478812.777043,2.807354922057605
1762478813.277043,2.8034086398791374
1762478813.777043,2.802476151181475
1762478814.277043,2.807354922057605
1762478814.777043,2.807354922057605
1762478815.277043,2.807354922057605
1762478815.777043,2.807354922057605
1762478816.277043,2.807354922057605
1762478816.777043,2.807354922057605
1762478817.277043,2.807354922057605
1762478817.777043,2.807354922057605
1762478818.277043,2.807354922057605
1762478818.777043,2.793269689515109
1762478819.277043,2.7899062209538794
1762478819.777043,2.807354922057605
1762478820.277043,2.794336065750452
1762478820.777043,2.807354922057605
1762478821.277043,2.8005091989892397
1762478821.777043,2.807354922057605
1762478822.277043,2.807354922057605
1762478822.777043,2.7990077544108973
1762478823.277043,2.793269689515109
1762478823.777043,2.801002779861118
1762478824.277043,2.801002779861118
1762478824.777043,2.802476151181475
1762478825.277043,2.807354922057605
1762478825.777043,2.807354922057605
1762478826.277043,2.801002779861118
1762478826.777043,2.801002779861118
1762478827.277043,2.807354922057605
1762478827.777043,2.786115012874252
1762478828.277043,2.7924812503605785
1762478828.777043,2.801002779861118
1762478829.277043,2.807354922057605
1762478829.777043,2.807354922057605
1762478830.277043,2.807354922057605
1762478830.777043,2.793269689515109
1762478831.277043,2.7527152789797054
1762478831.777043,2.78740344142664
1762478832.277043,2.784010874644602
1762478832.777043,2.779950000961542
1762478833.277043,2.7990077544108973
1762478833.777043,2.807354922057605
1762478834.277043,2.807354922057605
1762478834.777043,2.807354922057605
1762478835.277043,2.807354922057605
1762478835.777043,2.807354922057605
1762478836.277043,2.807354922057605
1762478836.777043,2.7806390622295667
1762478837.277043,2.786115012874252
1762478837.777043,2.584962500721156
1762478838.777043,2.807354922057605
1762478843.777043,2.807354922057605
1762478848.777043,2.807354922057605
1762478853.777043,2.75
1762478858.777043,2.3219280948873626
1762478863.777043,2.75
1762478864.277043,2.807354922057605
1762478864.777043,2.807354922057605
1762478865.277043,2.807354922057605
1762478865.777043,2.807354922057605
1762478866.277043,2.807354922057605
1762478866.777043,2.7954618442383214
1762478867.277043,2.789898095464288
1762478867.777043,2.807354922057605
1762478868.277043,2.807354922057605
1762478868.777043,2.807354922057605
1762478869.277043,2.807354922057605
1762478869.777043,2.807354922057605
1762478870.277043,2.807354922057605
1762478870.777043,2.807354922057605
1762478871.277043,2.807354922057605
1762478871.777043,2.807354922057605
1762478872.277043,2.807354922057605
1762478872.777043,2.7321588913645707
1762478873.277043,2.721928094887362
1762478873.777043,2.807354922057605
1762478874.277043,2.807354922057605
1762478874.777043,2.807354922057605
1762478875.277043,2.807354922057605
1762478875.777043,2.807354922057605
1762478876.277043,2.807354922057605
1762478876.777043,2.7321588913645707
1762478888.277043,0.0
1762478888.777043,2.807354922057605
1762478889.277043,2.807354922057605
1762478889.777043,2.807354922057605
1762478890.277043,2.807354922057605
1762478890.777043,2.807354922057605
1762478891.277043,2.807354922057605
1762478891.777043,2.807354922057605
1762478892.277043,2.807354922057605
1762478892.777043,2.807354922057605
1762478893.277043,2.721928094887362
1762478893.777043,2.807354922057605
1762478894.277043,2.807354922057605
1762478894.777043,2.786115012874252
1762478895.277043,2.7806390622295667
1762478895.777043,2.807354922057605
1762478896.277043,2.807354922057605
1762478896.777043,2.779950000961542
1762478897.277043,2.777776811456786
1762478897.777043,2.7773627950641693
1762478898.277043,2.75
1762478898.777043,2.807354922057605
1762478899.277043,2.7954618442383214
1762478899.777043,2.789898095464288
1762478900.277043,2.807354922057605
1762478900.777043,2.807354922057605
1762478901.277043,2.807354922057605
1762478901.777043,2.807354922057605
1762478902.277043,2.779950000961542
1762478902.777043,2.721928094887362
1762478903.277043,2.807354922057605
1762478903.777043,2.807354922057605
1762478904.277043,2.789898095464288
1762478904.777043,2.786115012874252
1762478905.277043,2.807354922057605
1762478905.777043,2.789898095464288
1762478906.277043,2.807354922057605
1762478906.777043,2.807354922057605
1762478907.277043,2.807354922057605
1762478907.777043,2.807354922057605
1762478908.277043,2.7773627950641693
1762478908.777043,2.789898095464288
1762478909.277043,2.807354922057605
1762478909.777043,2.807354922057605
1762478910.277043,2.807354922057605
1762478910.777043,2.807354922057605
1762478911.277043,2.7954618442383214
1762478911.777043,2.807354922057605
1762478912.277043,2.789898095464288
1762478912.777043,2.7773627950641693
1762478913.277043,2.7516291673878226
1762478913.777043,2.7806390622295667
1762478914.277043,2.789898095464288
1762478914.777043,2.807354922057605
1762478915.277043,2.807354922057605
1762478915.777043,2.807354922057605
1762478916.277043,2.807354922057605
1762478916.777043,2.807354922057605
1762478917.277043,2.807354922057605
1762478917.777043,2.807354922057605
1762478918.277043,2.7516291673878226
1762478918.777043,2.807354922057605
1762478919.277043,2.779950000961542
1762478919.777043,2.7954618442383214
1762478920.277043,2.789898095464288
1762478920.777043,2.807354922057605
1762478921.277043,2.807354922057605
1762478921.777043,2.807354922057605
1762478922.277043,2.789898095464288
1762478922.777043,2.7773627950641693
1762478923.277043,2.807354922057605
1762478923.777043,2.786115012874252
1762478924.277043,2.7767248000621216
1762478924.777043,2.807354922057605
1762478925.277043,2.807354922057605
1762478925.777043,2.807354922057605
1762478926.277043,2.789898095464288
1762478926.777043,2.807354922057605
1762478927.277043,2.807354922057605
1762478927.777043,2.75
1762478928.277043,2.75
1762478928.777043,2.7954618442383214
1762478929.277043,2.789898095464288
1762478929.777043,2.807354922057605
1762478930.277043,2.807354922057605
1762478930.777043,2.807354922057605
1762478931.277043,2.807354922057605
1762478931.777043,2.807354922057605
1762478932.277043,2.779950000961542
1762478932.777043,2.721928094887362
1762478933.277043,2.7773627950641693
1762478933.777043,2.786115012874252
1762478934.277043,2.777776811456786
1762478934.777043,2.807354922057605
1762478935.277043,2.807354922057605
1762478935.777043,2.807354922057605
1762478936.277043,2.807354922057605
1762478936.777043,2.807354922057605
1762478937.277043,2.807354922057605
1762478937.777043,2.807354922057605
1762478938.277043,2.807354922057605
1762478938.777043,2.786115012874252
1762478939.277043,2.7806390622295667
1762478939.777043,2.807354922057605
1762478940.277043,2.789898095464288
1762478940.777043,2.786115012874252
1762478941.277043,2.7516291673878226
1762478941.777043,2.807354922057605
1762478942.277043,2.7806390622295667
1762478942.777043,2.7516291673878226
1762478943.277043,2.75
1762478943.777043,2.807354922057605
1762478944.277043,2.7806390622295667
1762478944.777043,2.7954618442383214
1762478945.277043,2.807354922057605
1762478945.777043,2.7516291673878226
1762478946.277043,2.7321588913645707
1762478946.777043,2.786115012874252
1762478947.277043,2.789898095464288
1762478947.777043,2.7516291673878226
1762478948.277043,2.7254805569978675
1762478948.777043,2.807354922057605
1762478949.277043,2.789898095464288
1762478949.777043,2.807354922057605
1762478950.277043,2.807354922057605
1762478950.777043,2.779950000961542
1762478951.277043,2.777776811456786
1762478951.777043,2.807354922057605
1762478952.277043,2.807354922057605
1762478952.777043,2.807354922057605
1762478953.277043,2.7254805569978675
1762478953.777043,2.7720552088742005
1762478954.277043,2.807354922057605
1762478954.777043,2.807354922057605
1762478955.277043,2.807354922057605
1762478955.777043,2.7954618442383214
1762478956.277043,2.789898095464288
1762478956.777043,2.807354922057605
1762478957.277043,2.779950000961542
1762478957.777043,2.789898095464288
1762478958.277043,2.807354922057605
1762478958.777043,2.7954618442383214
1762478959.277043,2.786115012874252
1762478959.777043,2.777776811456786
1762478960.277043,2.807354922057605
1762478960.777043,2.807354922057605
1762478961.277043,2.807354922057605
1762478961.777043,2.807354922057605
1762478962.277043,2.779950000961542
1762478962.777043,2.721928094887362
1762478964.277043,2.807354922057605
1762478968.777043,1.584962500721156
1762478969.277043,2.584962500721156
1762478973.777043,1.0
1762478974.277043,2.0
1762478978.277043,1.584962500721156
1762478978.777043,2.789898095464288
1762478979.277043,2.7942385860214762
1762478979.777043,2.7254805569978675
1762478980.277043,2.777776811456786
1762478980.777043,2.789898095464288
1762478981.277043,2.789898095464288
1762478981.777043,2.807354922057605
1762478982.277043,2.807354922057605
1762478982.777043,2.807354922057605
1762478983.277043,2.584962500721156
1762478983.777043,2.7806390622295667
1762478984.277043,2.779950000961542
1762478984.777043,2.7321588913645707
1762478985.277043,2.807354922057605
1762478985.777043,2.7806390622295667
1762478986.277043,2.779950000961542
1762478986.777043,2.75
1762478987.277043,2.807354922057605
1762478987.777043,2.807354922057605
1762478988.277043,2.7254805569978675
1762478988.777043,2.779950000961542
1762478989.277043,2.7806390622295667
1762478989.777043,2.784010874644602
1762478990.277043,2.8005091989892397
1762478990.777043,2.7890538755880443
1762478991.277043,2.802476151181475
1762478991.777043,2.807354922057605
1762478992.277043,2.801002779861118
1762478992.777043,2.807354922057605
1762478993.277043,2.7990077544108973
1762478993.777043,2.807354922057605
1762478994.277043,2.807354922057605
1762478994.777043,2.8034086398791374
1762478995.277043,2.802476151181475
1762478995.777043,2.807354922057605
1762478996.277043,2.798794940695399
1762478996.777043,2.807354922057605
1762478997.277043,2.798794940695399
1762478997.777043,2.7829034986587358
1762478998.277043,2.807354922057605
1762478998.777043,2.798794940695399
1762478999.277043,2.793269689515109
1762478999.777043,2.7954618442383214
1762479000.277043,2.789898095464288
1762479000.777043,2.807354922057605
1762479001.277043,2.807354922057605
1762479001.777043,2.7984246515704094
1762479002.277043,2.798794940695399
1762479002.777043,2.798794940695399
1762479003.277043,2.807354922057605
1762479003.777043,2.807354922057605
1762479004.277043,2.7984246515704094
1762479004.777043,2.807354922057605
1762479005.277043,2.807354922057605
1762479005.777043,2.7954618442383214
1762479006.277043,2.789898095464288
1762479006.777043,2.807354922057605
1762479007.277043,2.807354922057605
1762479007.777043,2.807354922057605
1762479008.277043,2.584962500721156
1762479008.777043,2.789898095464288
1762479009.277043,2.793269689515109
1762479009.777043,2.721928094887362
1762479010.277043,2.807354922057605
1762479010.777043,2.779950000961542
1762479011.277043,2.721928094887362
1762479011.777043,2.807354922057605
1762479012.277043,2.807354922057605
1762479012.777043,2.807354922057605
1762479013.277043,2.0
1762479013.777043,2.721928094887362
1762479014.277043,2.7767248000621216
1762479014.777043,2.75
1762479015.277043,2.7321588913645707
1762479015.777043,2.721928094887362
1762479016.277043,2.807354922057605
1762479016.777043,2.807354922057605
1762479017.277043,2.7954618442383214
1762479017.777043,2.789898095464288
1762479018.277043,2.584962500721156
1762479018.777043,2.807354922057605
1762479019.277043,2.7990077544108973
1762479019.777043,2.807354922057605
1762479020.277043,2.807354922057605
1762479020.777043,2.807354922057605
1762479021.277043,2.7954618442383214
1762479021.777043,2.789898095464288
1762479022.277043,2.807354922057605
1762479022.777043,2.807354922057605
1762479023.277043,2.807354922057605
1762479023.777043,2.779950000961542
1762479024.277043,2.7942385860214762
1762479024.777043,2.807354922057605
1762479025.277043,2.807354922057605
1762479025.777043,2.789898095464288
1762479026.277043,2.807354922057605
1762479026.777043,2.779950000961542
1762479027.277043,2.721928094887362
1762479027.777043,2.807354922057605
1762479028.277043,2.807354922057605
1762479028.777043,2.807354922057605
1762479029.277043,2.807354922057605
1762479029.777043,2.807354922057605
1762479030.277043,2.807354922057605
1762479030.777043,2.807354922057605
1762479031.277043,2.807354922057605
1762479031.777043,2.807354922057605
1762479032.277043,2.807354922057605
1762479032.777043,2.807354922057605
1762479033.277043,2.807354922057605
1762479033.777043,2.807354922057605
1762479034.277043,2.7990077544108973
1762479034.777043,2.807354922057605
1762479035.277043,2.807354922057605
1762479035.777043,2.807354922057605
1762479036.277043,2.807354922057605
1762479036.777043,2.807354922057605
1762479037.277043,2.807354922057605
1762479037.777043,2.807354922057605
1762479038.277043,2.584962500721156
1762479038.777043,2.789898095464288
1762479039.277043,2.807354922057605
1762479039.777043,2.807354922057605
1762479040.277043,2.807354922057605
1762479040.777043,2.7773627950641693
1762479041.277043,2.789898095464288
1762479041.777043,2.807354922057605
1762479042.277043,2.807354922057605
1762479042.777043,2.807354922057605
1762479043.277043,2.807354922057605
1762479043.777043,2.807354922057605
1762479044.277043,2.807354922057605
1762479044.777043,2.807354922057605
1762479045.277043,2.807354922057605
1762479045.777043,2.807354922057605
1762479046.277043,2.779950000961542
1762479046.777043,2.777776811456786
1762479047.277043,2.7773627950641693
1762479047.777043,2.807354922057605
1762479048.277043,2.75
1762479048.777043,2.807354922057605
1762479049.277043,2.807354922057605
1762479049.777043,2.807354922057605
1762479050.277043,2.807354922057605
1762479050.777043,2.807354922057605
1762479051.277043,2.777776811456786
1762479051.777043,2.7321588913645707
1762479052.277043,2.779950000961542
1762479052.777043,2.777776811456786
1762479053.277043,2.584962500721156
1762479053.777043,2.807354922057605
1762479054.277043,2.807354922057605
1762479054.777043,2.7954618442383214
1762479055.277043,2.789898095464288
1762479055.777043,2.807354922057605
1762479056.277043,2.807354922057605
1762479056.777043,2.779950000961542
1762479057.277043,2.7806390622295667
1762479057.777043,2.789898095464288
1762479058.277043,2.3219280948873626
1762479058.777043,2.807354922057605
1762479059.277043,2.793269689515109
1762479059.777043,2.7806390622295667
1762479060.277043,2.789898095464288
1762479060.777043,2.7321588913645707
1762479061.277043,2.777776811456786
1762479061.777043,2.807354922057605
1762479062.277043,2.807354922057605
1762479062.777043,2.807354922057605
1762479063.277043,2.7773627950641693
1762479063.777043,2.789898095464288
1762479064.277043,2.807354922057605
1762479064.777043,2.807354922057605
1762479065.277043,2.807354922057605
1762479065.777043,2.7954618442383214
1762479066.277043,2.789898095464288
1762479066.777043,2.807354922057605
1762479067.277043,2.807354922057605
1762479067.777043,2.789898095464288
1762479068.277043,2.7516291673878226
1762479068.777043,2.789898095464288
1762479069.277043,2.807354922057605
1762479069.777043,2.807354922057605
1762479070.277043,2.779950000961542
1762479070.777043,2.777776811456786
1762479071.277043,2.807354922057605
1762479071.777043,2.807354922057605
1762479072.277043,2.807354922057605
1762479072.777043,2.807354922057605
1762479073.277043,2.7773627950641693
1762479073.777043,2.807354922057605
1762479074.277043,2.7990077544108973
1762479074.777043,2.807354922057605
1762479075.277043,2.807354922057605
1762479075.777043,2.779950000961542
1762479076.277043,2.7516291673878226
1762479076.777043,2.7806390622295667
1762479077.277043,2.7806390622295667
1762479077.777043,2.789898095464288
1762479078.277043,2.5
1762479078.777043,2.7516291673878226
1762479079.277043,2.7990077544108973
1762479079.777043,2.7806390622295667
1762479080.277043,2.721928094887362
1762479080.777043,2.7516291673878226
1762479081.277043,2.807354922057605
1762479081.777043,2.807354922057605
1762479082.277043,2.807354922057605
1762479082.777043,2.807354922057605
1762479083.277043,2.807354922057605
1762479083.777043,2.807354922057605
1762479084.277043,2.7942385860214762
1762479084.777043,2.807354922057605
1762479085.277043,2.807354922057605
1762479085.777043,2.807354922057605
1762479086.277043,2.7773627950641693
1762479086.777043,2.807354922057605
1762479087.277043,2.807354922057605
1762479087.777043,2.789898095464288
1762479088.277043,1.9182958340544896
1762479088.777043,2.7806390622295667
1762479089.277043,2.807354922057605
1762479089.777043,2.789898095464288
1762479090.277043,2.7321588913645707
1762479090.777043,2.721928094887362
1762479091.277043,2.779950000961542
1762479091.777043,2.7806390622295667
1762479092.277043,2.807354922057605
1762479092.777043,2.807354922057605
1762479093.277043,2.251629167387823
1762479093.777043,2.807354922057605
1762479094.277043,2.807354922057605
1762479094.777043,2.807354922057605
1762479095.277043,2.807354922057605
1762479095.777043,2.7954618442383214
1762479096.277043,2.789898095464288
1762479096.777043,2.807354922057605
1762479097.277043,2.807354922057605
1762479097.777043,2.807354922057605
1762479098.277043,2.807354922057605
1762479098.777043,2.807354922057605
1762479099.277043,2.807354922057605
1762479099.777043,2.807354922057605
1762479100.277043,2.7773627950641693
1762479100.777043,2.7516291673878226
1762479101.277043,2.721928094887362
1762479101.777043,2.807354922057605
1762479102.277043,2.7773627950641693
1762479102.777043,2.75
1762479103.277043,2.807354922057605
1762479103.777043,2.7321588913645707
1762479104.277043,2.789898095464288
1762479104.777043,2.807354922057605
1762479105.277043,2.7516291673878226
1762479105.777043,2.7254805569978675
1762479106.277043,2.807354922057605
1762479106.777043,2.786115012874252
1762479107.277043,2.789898095464288
1762479107.777043,2.789898095464288
1762479108.277043,2.807354922057605
1762479108.777043,2.807354922057605
1762479109.277043,2.793269689515109
1762479109.777043,2.777776811456786
1762479110.277043,2.807354922057605
1762479110.777043,2.807354922057605
1762479111.277043,2.807354922057605
1762479111.777043,2.7954618442383214
1762479112.277043,2.789898095464288
1762479112.777043,2.807354922057605
1762479113.277043,2.807354922057605
1762479113.777043,2.7954618442383214
1762479114.277043,2.770950594454668
1762479114.777043,2.807354922057605
1762479115.277043,2.807354922057605
1762479115.777043,2.807354922057605
1762479116.277043,2.807354922057605
1762479116.777043,2.779950000961542
1762479117.277043,2.7806390622295667
1762479117.777043,2.789898095464288
1762479118.277043,2.75
1762479118.777043,2.7954618442383214
1762479119.277043,2.7942385860214762
1762479119.777043,2.807354922057605
1762479120.277043,2.7954618442383214
1762479120.777043,2.789898095464288
1762479121.277043,2.807354922057605
1762479121.777043,2.779950000961542
1762479122.277043,2.777776811456786
1762479122.777043,2.779950000961542
1762479123.277043,2.7254805569978675
1762479123.777043,2.7773627950641693
1762479124.277043,2.7990077544108973
1762479124.777043,2.7954618442383214
1762479125.277043,2.789898095464288
1762479125.777043,2.807354922057605
1762479126.277043,2.807354922057605
1762479126.777043,2.7954618442383214
1762479127.277043,2.789898095464288
1762479127.777043,2.807354922057605
1762479128.277043,2.75
1762479128.777043,2.777776811456786
1762479129.277043,2.807354922057605
1762479129.777043,2.7954618442383214
1762479130.277043,2.789898095464288
1762479130.777043,2.807354922057605
1762479131.277043,2.7954618442383214
1762479131.777043,2.789898095464288
1762479132.277043,2.807354922057605
1762479132.777043,2.807354922057605
1762479133.277043,2.7773627950641693
1762479133.777043,2.789898095464288
1762479134.277043,2.807354922057605
1762479134.777043,2.789898095464288
1762479135.277043,2.7773627950641693
1762479135.777043,2.777776811456786
1762479136.277043,2.777776811456786
1762479136.777043,2.789898095464288
1762479137.277043,2.807354922057605
1762479137.777043,2.807354922057605
1762479138.277043,2.807354922057605
1762479138.777043,2.807354922057605
1762479139.277043,2.807354922057605
1762479139.777043,2.807354922057605
1762479140.277043,2.807354922057605
1762479140.777043,2.807354922057605
1762479141.277043,2.7954618442383214
1762479141.777043,2.789898095464288
1762479142.277043,2.7773627950641693
1762479142.777043,2.789898095464288
1762479143.277043,2.807354922057605
1762479143.777043,2.807354922057605
1762479144.277043,2.807354922057605
1762479144.777043,2.807354922057605
1762479145.277043,2.807354922057605
1762479145.777043,2.7954618442383214
1762479146.277043,2.807354922057605
1762479146.777043,2.75
1762479147.277043,2.807354922057605
1762479147.777043,2.789898095464288
1762479148.277043,2.7516291673878226
1762479148.777043,2.75
1762479149.277043,2.7990077544108973
1762479149.777043,2.807354922057605
1762479150.277043,2.807354922057605
1762479150.777043,2.807354922057605
1762479151.277043,2.807354922057605
1762479151.777043,2.7773627950641693
1762479152.277043,2.807354922057605
1762479152.777043,2.807354922057605
1762479153.277043,2.75
1762479153.777043,2.7773627950641693
1762479154.277043,2.7534343861887858
1762479154.777043,2.779950000961542
1762479155.277043,2.807354922057605
1762479155.777043,2.807354922057605
1762479156.277043,2.807354922057605
1762479156.777043,2.807354922057605
1762479157.277043,2.807354922057605
1762479157.777043,2.807354922057605
1762479158.277043,2.7773627950641693
1762479158.777043,2.75
1762479159.277043,2.807354922057605
1762479159.777043,2.807354922057605
1762479160.277043,2.807354922057605
1762479160.777043,2.789898095464288
1762479161.277043,2.7773627950641693
1762479161.777043,2.807354922057605
1762479162.277043,2.779950000961542
1762479162.777043,2.7806390622295667
1762479163.277043,2.75
1762479163.777043,2.7321588913645707
1762479164.277043,2.7924812503605785
1762479164.777043,2.807354922057605
1762479165.277043,2.807354922057605
1762479165.777043,2.807354922057605
1762479166.277043,2.807354922057605
1762479166.777043,2.807354922057605
1762479167.277043,2.7954618442383214
1762479167.777043,2.789898095464288
1762479168.277043,2.807354922057605
1762479168.777043,2.807354922057605
1762479169.277043,2.807354922057605
1762479169.777043,2.807354922057605
1762479170.277043,2.807354922057605
1762479170.777043,2.789898095464288
1762479171.277043,2.786115012874252
1762479171.777043,2.789898095464288
1762479172.277043,2.807354922057605
1762479172.777043,2.807354922057605
1762479173.277043,2.7773627950641693
1762479173.777043,2.7321588913645707
1762479174.277043,2.779950000961542
1762479174.777043,2.7954618442383214
1762479175.277043,2.807354922057605
1762479175.777043,2.807354922057605
1762479176.277043,2.779950000961542
1762479176.777043,2.777776811456786
1762479177.277043,2.807354922057605
1762479177.777043,2.807354922057605
1762479178.277043,2.7773627950641693
1762479178.777043,2.7773627950641693
1762479179.277043,2.807354922057605
1762479179.777043,2.789898095464288
1762479180.277043,2.807354922057605
1762479180.777043,2.789898095464288
1762479181.277043,2.786115012874252
1762479181.777043,2.789898095464288
1762479182.277043,2.807354922057605
1762479182.777043,2.807354922057605
1762479183.277043,2.807354922057605
1762479183.777043,2.7773627950641693
1762479184.277043,2.75
1762479184.777043,2.7954618442383214
1762479185.277043,2.807354922057605
1762479185.777043,2.807354922057605
1762479186.277043,2.807354922057605
1762479186.777043,2.807354922057605
1762479187.277043,2.807354922057605
1762479187.777043,2.807354922057605
1762479188.277043,2.807354922057605
1762479188.777043,2.7773627950641693
1762479189.277043,2.807354922057605
1762479189.777043,2.7254805569978675
1762479190.277043,2.7773627950641693
1762479190.777043,2.807354922057605
1762479191.277043,2.779950000961542
1762479191.777043,2.721928094887362
1762479192.277043,2.807354922057605
1762479192.777043,2.807354922057605
1762479193.277043,2.7321588913645707
1762479193.777043,2.807354922057605
1762479194.277043,2.7954618442383214
1762479194.777043,2.7806390622295667
1762479195.277043,2.777776811456786
1762479195.777043,2.777776811456786
1762479196.277043,2.807354922057605
1762479196.777043,2.807354922057605
1762479197.277043,2.779950000961542
1762479197.777043,2.807354922057605
1762479198.277043,2.721928094887362
1762479198.777043,2.807354922057605
1762479199.277043,2.789898095464288
1762479199.777043,2.807354922057605
1762479200.277043,2.807354922057605
1762479200.777043,2.786115012874252
1762479201.277043,2.7806390622295667
1762479201.777043,2.807354922057605
1762479202.277043,2.807354922057605
1762479202.777043,2.807354922057605
1762479203.277043,2.807354922057605
1762479203.777043,2.807354922057605
1762479204.277043,2.789898095464288
1762479204.777043,2.807354922057605
1762479205.277043,2.807354922057605
1762479205.777043,2.807354922057605
1762479206.277043,2.807354922057605
1762479206.777043,2.807354922057605
1762479207.277043,2.807354922057605
1762479207.777043,2.7954618442383214
1762479208.277043,2.721928094887362
1762479208.777043,2.75
1762479209.277043,2.786115012874252
1762479209.777043,2.7806390622295667
1762479210.277043,2.7954618442383214
1762479210.777043,2.807354922057605
1762479211.277043,2.7516291673878226
1762479211.777043,2.7806390622295667
1762479212.277043,2.789898095464288
1762479212.777043,2.807354922057605
1762479213.277043,2.7773627950641693
1762479214.277043,2.807354922057605
1762479219.277043,1.584962500721156
1762479219.777043,2.807354922057605
1762479224.277043,2.584962500721156
1762479224.777043,0.0
1762479228.777043,2.807354922057605
1762479229.277043,2.7954618442383214
1762479229.777043,2.807354922057605
1762479230.277043,2.789898095464288
1762479230.777043,2.807354922057605
1762479231.277043,2.807354922057605
1762479231.777043,2.807354922057605
1762479232.277043,2.807354922057605
1762479232.777043,2.786115012874252
1762479233.277043,2.7773627950641693
1762479233.777043,2.75
1762479234.277043,2.786115012874252
1762479234.777043,2.7954618442383214
1762479235.277043,2.777776811456786
1762479235.777043,2.777776811456786
1762479236.277043,2.7516291673878226
1762479236.777043,2.777776811456786
1762479237.277043,2.807354922057605
1762479237.777043,2.807354922057605
1762479238.277043,2.807354922057605
1762479238.777043,2.807354922057605
1762479239.277043,2.807354922057605
1762479239.777043,2.802476151181475
1762479240.277043,2.798794940695399
1762479240.777043,2.7984246515704094
1762479241.277043,2.807354922057605
1762479241.777043,2.798794940695399
1762479242.277043,2.7995812306460652
1762479242.777043,2.8034086398791374
1762479243.277043,2.789898095464288
1762479243.777043,2.807354922057605
1762479244.277043,2.807354922057605
1762479244.777043,2.798794940695399
1762479245.277043,2.8022168147954924
1762479245.777043,2.802476151181475
1762479246.277043,2.807354922057605
1762479246.777043,2.798794940695399
1762479247.277043,2.7995812306460652
1762479247.777043,2.807354922057605
1762479248.277043,2.807354922057605
1762479248.777043,2.807354922057605
1762479249.277043,2.802476151181475
1762479249.777043,2.801002779861118
1762479250.277043,2.807354922057605
1762479250.777043,2.807354922057605
1762479251.277043,2.7995812306460652
1762479251.777043,2.7984246515704094
1762479252.277043,2.7899062209538794
1762479252.777043,2.7962176025900565
1762479253.277043,2.794336065750452
1762479253.777043,2.7942385860214762
1762479254.277043,2.7962176025900565
1762479254.777043,2.7942385860214762
1762479255.277043,2.789898095464288
1762479255.777043,2.807354922057605
1762479256.277043,2.807354922057605
1762479256.777043,2.7773627950641693
1762479257.277043,2.75
1762479257.777043,2.777776811456786
1762479258.277043,2.7321588913645707
1762479258.777043,2.807354922057605
1762479259.277043,1.584962500721156
1762479259.777043,2.584962500721156
1762479264.777043,2.807354922057605
1762479269.777043,2.807354922057605
1762479271.777043,2.75
1762479272.277043,2.807354922057605
1762479272.777043,2.807354922057605
1762479273.277043,2.807354922057605
1762479273.777043,2.807354922057605
1762479274.277043,2.807354922057605
1762479274.777043,2.807354922057605
1762479275.277043,2.807354922057605
1762479275.777043,2.807354922057605
1762479276.277043,2.789898095464288
1762479276.777043,2.786115012874252
1762479277.277043,2.807354922057605
1762479277.777043,2.789898095464288
1762479278.277043,2.807354922057605
1762479278.777043,2.75
1762479279.277043,2.7806390622295667
1762479279.777043,2.807354922057605
1762479280.277043,2.7954618442383214
1762479280.777043,2.789898095464288
1762479281.277043,2.807354922057605
1762479281.777043,2.779950000961542
1762479282.277043,2.777776811456786
1762479282.777043,2.807354922057605
1762479283.277043,2.7954618442383214
1762479283.777043,2.807354922057605
1762479284.277043,2.807354922057605
1762479284.777043,2.793269689515109
1762479285.277043,2.777776811456786
1762479285.777043,2.807354922057605
1762479286.277043,2.779950000961542
1762479286.777043,2.777776811456786
1762479287.277043,2.807354922057605
1762479287.777043,2.786115012874252
1762479288.277043,2.7806390622295667
1762479288.777043,2.807354922057605
1762479289.277043,2.807354922057605
1762479289.777043,2.807354922057605
1762479290.277043,2.807354922057605
1762479290.777043,2.807354922057605
1762479291.277043,2.7954618442383214
1762479291.777043,2.789898095464288
1762479292.277043,2.7954618442383214
1762479292.777043,2.807354922057605
1762479293.277043,2.789898095464288
1762479293.777043,2.807354922057605
1762479294.277043,2.7954618442383214
1762479294.777043,2.789898095464288
1762479295.277043,2.807354922057605
1762479295.777043,2.807354922057605
1762479296.277043,2.807354922057605
1762479296.777043,2.807354922057605
1762479297.277043,2.807354922057605
1762479297.777043,2.7954618442383214
1762479298.277043,2.789898095464288
1762479298.777043,2.807354922057605
1762479299.277043,2.777776811456786
1762479299.777043,2.807354922057605
1762479300.277043,2.807354922057605
1762479300.777043,2.7954618442383214
1762479301.277043,2.789898095464288
1762479301.777043,2.807354922057605
1762479302.277043,2.807354922057605
1762479302.777043,2.807354922057605
1762479303.277043,2.807354922057605
1762479304.777043,2.7516291673878226
1762479309.777043,2.75
1762479314.777043,2.807354922057605
1762479318.777043,2.584962500721156
1762479319.277043,2.789898095464288
1762479319.777043,2.807354922057605
1762479320.277043,2.807354922057605
1762479320.777043,2.807354922057605
1762479321.277043,2.807354922057605
1762479321.777043,2.807354922057605
1762479322.277043,2.807354922057605
1762479322.777043,2.807354922057605
1762479323.277043,2.807354922057605
1762479323.777043,2.7773627950641693
1762479324.277043,2.789898095464288
1762479324.777043,2.793269689515109
1762479325.277043,2.807354922057605
1762479325.777043,2.807354922057605
1762479326.277043,2.7954618442383214
1762479326.777043,2.789898095464288
1762479327.277043,2.807354922057605
1762479327.777043,2.807354922057605
1762479328.277043,2.786115012874252
1762479328.777043,2.7254805569978675
1762479329.277043,2.807354922057605
1762479329.777043,2.807354922057605
1762479330.277043,2.798794940695399
1762479330.777043,2.8034086398791374
1762479331.277043,2.802476151181475
1762479331.777043,2.802476151181475
1762479332.277043,2.7899062209538794
1762479332.777043,2.807354922057605
1762479333.277043,2.802476151181475
1762479333.777043,2.786115012874252
1762479334.277043,2.802476151181475
1762479334.777043,2.807354922057605
1762479335.277043,2.807354922057605
1762479335.777043,2.8005091989892397
1762479336.277043,2.807354922057605
1762479336.777043,2.7924812503605785
1762479337.277043,2.798794940695399
1762479337.777043,2.7995812306460652
1762479338.277043,2.807354922057605
1762479338.777043,2.7954618442383214
1762479339.277043,2.7995812306460652
1762479339.777043,2.802476151181475
1762479340.277043,2.802476151181475
1762479340.777043,2.807354922057605
1762479341.277043,2.807354922057605
1762479341.777043,2.807354922057605
1762479342.277043,2.807354922057605
1762479342.777043,2.807354922057605
1762479343.277043,2.8034086398791374
1762479343.777043,2.7990077544108973
1762479344.277043,2.7894628966680193
1762479344.777043,2.7990077544108973
1762479345.277043,2.721928094887362
1762479345.777043,2.7806390622295667
1762479346.277043,2.7806390622295667
1762479346.777043,2.789898095464288
1762479347.277043,2.807354922057605
1762479347.777043,2.7773627950641693
1762479348.277043,2.789898095464288
1762479348.777043,2.807354922057605
1762479349.277043,2.807354922057605
1762479349.777043,2.807354922057605
1762479350.277043,2.807354922057605
1762479350.777043,2.807354922057605
1762479351.277043,2.807354922057605
1762479351.777043,2.807354922057605
1762479352.277043,2.807354922057605
1762479352.777043,2.807354922057605
1762479353.277043,2.807354922057605
1762479353.777043,2.807354922057605
1762479354.277043,2.807354922057605
1762479354.777043,2.807354922057605
1762479355.277043,2.779950000961542
1762479355.777043,2.7806390622295667
1762479356.277043,2.7516291673878226
1762479356.777043,2.7806390622295667
1762479357.277043,2.789898095464288
1762479357.777043,2.807354922057605
1762479358.277043,2.807354922057605
1762479358.777043,2.584962500721156
1762479359.777043,2.807354922057605
1762479364.777043,2.3219280948873626
1762479369.777043,2.807354922057605
1762479374.277043,2.7773627950641693
1762479374.777043,2.7990077544108973
1762479375.277043,2.807354922057605
1762479375.777043,2.807354922057605
1762479376.277043,2.807354922057605
1762479376.777043,2.807354922057605
1762479377.277043,2.7954618442383214
1762479377.777043,2.789898095464288
1762479378.277043,2.807354922057605
1762479378.777043,2.807354922057605
1762479379.277043,2.807354922057605
1762479379.777043,2.807354922057605
1762479380.277043,2.779950000961542
1762479380.777043,2.721928094887362
1762479381.277043,2.779950000961542
1762479381.777043,2.777776811456786
1762479382.277043,2.807354922057605
1762479382.777043,2.807354922057605
1762479383.277043,2.807354922057605
1762479383.777043,2.807354922057605
1762479384.277043,2.7954618442383214
1762479384.777043,2.7783895435605945
1762479385.277043,2.801002779861118
1762479385.777043,2.8005091989892397
1762479386.277043,2.807354922057605
1762479386.777043,2.7924812503605785
1762479387.277043,2.807354922057605
1762479387.777043,2.798794940695399
1762479388.277043,2.7984246515704094
1762479388.777043,2.807354922057605
1762479389.277043,2.807354922057605
1762479389.777043,2.807354922057605
1762479390.277043,2.801002779861118
1762479390.777043,2.798794940695399
1762479391.277043,2.7984246515704094
1762479391.777043,2.7516103255281665
1762479392.277043,2.7995812306460652
1762479392.777043,2.794336065750452
1762479393.277043,2.7984246515704094
1762479393.777043,2.789898095464288
1762479394.277043,2.807354922057605
1762479394.777043,2.7995812306460652
1762479395.277043,2.8005091989892397
1762479395.777043,2.798794940695399
1762479396.277043,2.801002779861118
1762479396.777043,2.7786885704510977
1762479397.277043,2.802476151181475
1762479397.777043,2.7984246515704094
1762479398.277043,2.807354922057605
1762479398.777043,2.807354922057605
1762479399.277043,2.802476151181475
1762479399.777043,2.802476151181475
1762479400.277043,2.786115012874252
1762479400.777043,2.721928094887362
1762479401.277043,2.807354922057605
1762479401.777043,2.807354922057605
1762479402.277043,2.807354922057605
1762479402.777043,2.786115012874252
1762479403.277043,2.789898095464288
1762479403.777043,0.0
1762479404.277043,2.807354922057605
1762479404.777043,2.801002779861118
1762479405.277043,2.807354922057605
1762479405.777043,2.7254805569978675
1762479406.277043,2.777776811456786
1762479406.777043,2.7806390622295667
1762479407.277043,2.789898095464288
1762479407.777043,2.807354922057605
1762479408.277043,2.7773627950641693
1762479408.777043,2.75
1762479409.277043,2.807354922057605
1762479409.777043,2.807354922057605
1762479410.277043,2.7773627950641693
1762479410.777043,2.789898095464288
1762479411.277043,2.807354922057605
1762479411.777043,2.807354922057605
1762479412.277043,2.807354922057605
1762479412.777043,2.807354922057605
1762479413.277043,2.807354922057605
1762479413.777043,2.7321588913645707
1762479414.277043,2.807354922057605
1762479414.777043,2.786115012874252
1762479415.277043,2.777776811456786
1762479415.777043,2.807354922057605
1762479416.277043,2.807354922057605
1762479416.777043,2.807354922057605
1762479417.277043,2.807354922057605
1762479417.777043,2.807354922057605
1762479418.277043,2.807354922057605
1762479418.777043,2.807354922057605
1762479419.277043,2.807354922057605
1762479419.777043,2.807354922057605
1762479420.277043,2.807354922057605
1762479424.777043,2.807354922057605
1762479429.777043,2.807354922057605
1762479434.777043,2.807354922057605
1762479439.777043,2.807354922057605
1762479440.277043,1.0
1762479444.277043,2.75
1762479444.777043,2.807354922057605
1762479445.277043,2.807354922057605
1762479445.777043,2.807354922057605
1762479446.277043,2.807354922057605
1762479446.777043,2.807354922057605
1762479447.277043,2.807354922057605
1762479447.777043,2.807354922057605
1762479448.277043,2.807354922057605
1762479448.777043,2.7773627950641693
1762479449.277043,2.75
1762479449.777043,2.807354922057605
1762479450.277043,2.7954618442383214
1762479450.777043,2.807354922057605
1762479451.277043,2.807354922057605
1762479451.777043,2.807354922057605
1762479452.277043,2.789898095464288
1762479452.777043,2.807354922057605
1762479453.277043,2.807354922057605
1762479453.777043,2.7516291673878226
1762479454.277043,2.7254805569978675
1762479454.777043,2.786115012874252
1762479455.277043,2.789898095464288
1762479455.777043,2.7962176025900565
1762479456.277043,2.8034086398791374
1762479456.777043,2.7984246515704094
1762479457.277043,2.807354922057605
1762479457.777043,2.802476151181475
1762479458.277043,2.801002779861118
1762479458.777043,2.807354922057605
1762479459.277043,2.807354922057605
1762479459.777043,2.8005091989892397
1762479460.277043,2.7924812503605785
1762479460.777043,2.7954618442383214
1762479461.277043,2.789898095464288
1762479461.777043,2.807354922057605
1762479462.277043,2.807354922057605
1762479462.777043,2.807354922057605
1762479463.277043,2.7866656845833035
1762479463.777043,2.7924812503605785
1762479464.277043,2.7962176025900565
1762479464.777043,2.807354922057605
1762479465.277043,2.807354922057605
1762479465.777043,2.796088559597837
1762479466.277043,2.7783895435605945
1762479466.777043,2.807354922057605
1762479467.277043,2.807354922057605
1762479467.777043,2.807354922057605
1762479468.277043,2.8034086398791374
1762479468.777043,2.7990077544108973
1762479469.277043,2.807354922057605
1762479469.777043,2.807354922057605
1762479470.277043,2.7954618442383214
1762479470.777043,2.807354922057605
1762479471.277043,2.807354922057605
1762479471.777043,2.807354922057605
1762479472.277043,2.807354922057605
1762479474.777043,0.0
1762479475.277043,2.584962500721156
1762479479.777043,1.0
1762479480.277043,2.584962500721156
1762479483.777043,2.75
1762479484.277043,2.7773627950641693
1762479484.777043,2.75
1762479485.277043,2.7954618442383214
1762479485.777043,2.807354922057605
1762479486.277043,2.807354922057605
1762479486.777043,2.807354922057605
1762479487.277043,2.807354922057605
1762479487.777043,2.807354922057605
1762479488.277043,2.807354922057605
1762479488.777043,2.807354922057605
1762479489.277043,2.807354922057605
1762479489.777043,2.7954618442383214
1762479490.277043,2.7990077544108973
1762479490.777043,2.807354922057605
1762479491.277043,2.779950000961542
1762479491.777043,2.807354922057605
1762479492.277043,2.777776811456786
1762479492.777043,2.807354922057605
1762479493.277043,2.7954618442383214
1762479493.777043,2.807354922057605
1762479494.277043,2.75
1762479494.777043,2.807354922057605
1762479495.277043,2.7954618442383214
1762479495.777043,2.789898095464288
1762479496.277043,2.807354922057605
1762479496.777043,2.807354922057605
1762479497.277043,2.779950000961542
1762479497.777043,2.777776811456786
1762479498.277043,2.807354922057605
1762479498.777043,2.807354922057605
1762479499.277043,2.807354922057605
1762479499.777043,2.7954618442383214
1762479500.277043,2.789898095464288
1762479500.777043,2.807354922057605
1762479501.277043,2.807354922057605
1762479501.777043,2.7954618442383214
1762479502.277043,2.789898095464288
1762479502.777043,2.807354922057605
1762479503.277043,2.807354922057605
1762479503.777043,2.807354922057605
1762479504.277043,2.807354922057605
1762479504.777043,2.7954618442383214
1762479505.277043,2.75
1762479505.777043,2.807354922057605
1762479506.277043,2.779950000961542
1762479506.777043,2.7806390622295667
1762479507.277043,2.807354922057605
1762479507.777043,2.7516291673878226
1762479508.277043,2.7806390622295667
1762479508.777043,2.789898095464288
1762479509.277043,2.807354922057605
1762479509.777043,2.7463840917077538
1762479510.277043,2.789898095464288
1762479510.777043,2.789898095464288
1762479511.277043,2.807354922057605
1762479511.777043,2.807354922057605
1762479512.277043,2.807354922057605
1762479512.777043,2.807354922057605
1762479513.277043,2.807354922057605
1762479513.777043,2.807354922057605
1762479514.277043,2.807354922057605
1762479514.777043,2.807354922057605
1762479515.277043,2.807354922057605
1762479515.777043,2.807354922057605
1762479516.277043,2.807354922057605
1762479516.777043,2.807354922057605
1762479517.277043,2.807354922057605
1762479517.777043,2.779950000961542
1762479518.277043,2.7806390622295667
1762479518.777043,2.75
1762479519.277043,2.7254805569978675
1762479519.777043,2.777776811456786
1762479520.277043,2.7954618442383214
1762479520.777043,2.7516291673878226
1762479521.277043,2.7806390622295667
1762479521.777043,2.789898095464288
1762479522.277043,2.807354922057605
1762479522.777043,2.807354922057605
1762479523.277043,2.807354922057605
1762479523.777043,2.807354922057605
1762479524.277043,2.807354922057605
1762479524.777043,2.807354922057605
1762479525.277043,2.807354922057605
1762479525.777043,2.807354922057605
1762479526.277043,2.807354922057605
1762479526.777043,2.807354922057605
1762479527.277043,2.7773627950641693
1762479527.777043,2.75
1762479528.277043,2.807354922057605
1762479528.777043,2.807354922057605
1762479529.277043,2.807354922057605
1762479529.777043,2.807354922057605
1762479530.277043,2.807354922057605
1762479530.777043,2.807354922057605
1762479531.277043,2.807354922057605
1762479531.777043,2.807354922057605
1762479532.277043,2.807354922057605
1762479532.777043,2.807354922057605
1762479533.277043,2.807354922057605
1762479533.777043,2.807354922057605
1762479534.277043,2.807354922057605
1762479534.777043,2.807354922057605
1762479535.277043,2.807354922057605
1762479535.777043,2.807354922057605
1762479536.277043,2.7773627950641693
1762479536.777043,2.807354922057605
1762479537.277043,2.807354922057605
1762479537.777043,2.807354922057605
1762479538.277043,2.807354922057605
1762479538.777043,2.7254805569978675
1762479539.277043,2.5
1762479539.777043,2.779950000961542
1762479540.277043,2.807354922057605
1762479540.777043,2.721928094887362
1762479541.277043,2.807354922057605
1762479541.777043,2.807354922057605
1762479542.277043,2.777776811456786
1762479542.777043,2.7773627950641693
1762479543.277043,2.7516291673878226
1762479543.777043,2.779950000961542
1762479544.277043,2.7254805569978675
1762479544.777043,2.807354922057605
1762479545.277043,2.777776811456786
1762479545.777043,2.779950000961542
1762479546.277043,2.7806390622295667
1762479546.777043,2.807354922057605
1762479547.277043,2.807354922057605
1762479547.777043,2.807354922057605
1762479548.277043,2.789898095464288
1762479548.777043,2.807354922057605
1762479549.277043,2.807354922057605
1762479549.777043,2.807354922057605
1762479550.277043,2.7990077544108973
1762479550.777043,2.786115012874252
1762479551.277043,2.789898095464288
1762479551.777043,2.807354922057605
1762479552.277043,2.807354922057605
1762479552.777043,2.807354922057605
1762479553.277043,2.807354922057605
1762479553.777043,2.7954618442383214
1762479554.277043,2.807354922057605
1762479554.777043,2.789898095464288
1762479555.277043,2.807354922057605
1762479555.777043,2.807354922057605
1762479556.277043,2.807354922057605
1762479556.777043,2.7773627950641693
1762479557.277043,2.789898095464288
1762479557.777043,2.807354922057605
1762479558.277043,2.7954618442383214
1762479558.777043,2.789898095464288
1762479559.277043,2.807354922057605
1762479559.777043,2.807354922057605
1762479560.277043,2.807354922057605
1762479560.777043,2.7954618442383214
1762479561.277043,2.789898095464288
1762479561.777043,2.807354922057605
1762479562.277043,2.807354922057605
1762479562.777043,2.7954618442383214
1762479563.277043,2.789898095464288
1762479563.777043,2.807354922057605
1762479564.277043,2.807354922057605
1762479564.777043,2.779950000961542
1762479565.277043,2.7544418457133464
1762479565.777043,2.807354922057605
1762479566.277043,2.807354922057605
1762479566.777043,2.779950000961542
1762479567.277043,2.777776811456786
1762479567.777043,2.807354922057605
1762479568.277043,2.807354922057605
1762479568.777043,2.779950000961542
1762479569.277043,2.7254805569978675
1762479569.777043,2.789898095464288
1762479570.277043,2.807354922057605
1762479570.777043,2.779950000961542
1762479571.277043,2.777776811456786
1762479571.777043,2.807354922057605
1762479572.277043,2.7954618442383214
1762479572.777043,2.789898095464288
1762479573.277043,2.807354922057605
1762479573.777043,2.807354922057605
1762479574.277043,2.7773627950641693
1762479574.777043,2.789898095464288
1762479575.277043,2.807354922057605
1762479575.777043,2.807354922057605
1762479576.277043,2.807354922057605
1762479576.777043,2.7954618442383214
1762479577.277043,2.7773627950641693
1762479577.777043,2.789898095464288
1762479578.277043,2.789898095464288
1762479578.777043,2.807354922057605
1762479579.277043,2.807354922057605
1762479579.777043,2.807354922057605
1762479580.277043,2.807354922057605
1762479580.777043,2.786115012874252
1762479581.277043,2.789898095464288
1762479581.777043,2.7254805569978675
1762479582.277043,2.7773627950641693
1762479582.777043,2.779950000961542
1762479583.277043,2.807354922057605
1762479583.777043,2.721928094887362
1762479584.277043,2.807354922057605
1762479584.777043,2.807354922057605
1762479585.277043,2.807354922057605
1762479585.777043,2.807354922057605
1762479586.277043,2.807354922057605
1762479586.777043,2.779950000961542
1762479587.277043,2.789898095464288
1762479587.777043,2.789898095464288
1762479588.277043,2.75
1762479588.777043,2.789898095464288
1762479589.277043,2.721928094887362
1762479589.777043,2.777776811456786
1762479590.277043,2.807354922057605
1762479590.777043,2.807354922057605
1762479591.277043,2.7954618442383214
1762479591.777043,2.789898095464288
1762479592.277043,2.807354922057605
1762479592.777043,2.807354922057605
1762479593.277043,2.807354922057605
1762479593.777043,2.807354922057605
1762479594.277043,2.584962500721156
1762479594.777043,2.7516291673878226
1762479595.277043,2.786115012874252
1762479595.777043,2.7806390622295667
1762479596.277043,2.7806390622295667
1762479596.777043,2.789898095464288
1762479597.277043,2.7954618442383214
1762479597.777043,2.807354922057605
1762479598.277043,2.789898095464288
1762479598.777043,2.807354922057605
1762479599.277043,2.807354922057605
1762479599.777043,2.807354922057605
1762479600.277043,2.807354922057605
1762479600.777043,2.807354922057605
1762479601.277043,2.807354922057605
1762479601.777043,2.807354922057605
1762479602.277043,2.7954618442383214
1762479602.777043,2.807354922057605
1762479603.277043,2.789898095464288
1762479603.777043,2.786115012874252
1762479604.277043,2.7254805569978675
1762479604.777043,2.807354922057605
1762479605.277043,2.807354922057605
1762479605.777043,2.807354922057605
1762479606.277043,2.807354922057605
1762479606.777043,2.779950000961542
1762479607.277043,2.789898095464288
1762479607.777043,2.7806390622295667
1762479608.277043,2.807354922057605
1762479608.777043,2.7954618442383214
1762479609.277043,2.75
1762479609.777043,2.807354922057605
1762479610.277043,2.7954618442383214
1762479615.277043,2.807354922057605
1762479620.277043,2.807354922057605
1762479625.277043,2.807354922057605
1762479630.277043,2.807354922057605
1762479635.277043,2.807354922057605
1762479705.277043,2.75
1762479705.777043,2.807354922057605
1762479706.277043,2.807354922057605
1762479706.777043,2.807354922057605
1762479707.277043,2.7321588913645707
1762479707.777043,2.721928094887362
1762479708.277043,2.807354922057605
1762479708.777043,2.807354922057605
1762479709.277043,2.807354922057605
1762479724.777043,2.807354922057605
1762479725.277043,2.807354922057605
1762479725.777043,2.7806390622295667
1762479726.277043,2.7516291673878226
1762479726.777043,2.7954618442383214
1762479727.277043,2.789898095464288
1762479727.777043,2.807354922057605
1762479728.277043,2.807354922057605
1762479728.777043,2.807354922057605
1762479729.277043,2.7516291673878226
1762479729.777043,2.7254805569978675
1762479730.277043,2.807354922057605
1762479730.777043,2.7773627950641693
1762479731.277043,2.789898095464288
1762479731.777043,2.807354922057605
1762479732.277043,2.807354922057605
1762479732.777043,2.807354922057605
1762479733.277043,2.7773627950641693
1762479733.777043,2.789898095464288
1762479734.277043,2.807354922057605
1762479734.777043,2.807354922057605
1762479735.277043,2.7954618442383214
1762479735.777043,2.807354922057605
1762479736.277043,2.807354922057605
1762479736.777043,2.802476151181475
1762479737.277043,2.807354922057605
1762479737.777043,2.807354922057605
1762479738.277043,2.807354922057605
1762479738.777043,2.807354922057605
1762479739.277043,2.807354922057605
1762479739.777043,2.807354922057605
1762479740.277043,2.8034086398791374
1762479740.777043,2.807354922057605
1762479741.277043,2.7962176025900565
1762479741.777043,2.7995812306460652
1762479742.277043,2.802476151181475
1762479742.777043,2.807354922057605
1762479743.277043,2.8034086398791374
1762479743.777043,2.807354922057605
1762479744.277043,2.801002779861118
1762479744.777043,2.7942385860214762
1762479745.277043,2.8034086398791374
1762479745.777043,2.801002779861118
1762479746.277043,2.802476151181475
1762479746.777043,2.807354922057605
1762479747.277043,2.802476151181475
1762479747.777043,2.807354922057605
1762479748.277043,2.807354922057605
1762479748.777043,2.8034086398791374
1762479749.277043,2.807354922057605
1762479749.777043,2.7773627950641693
1762479750.277043,2.789898095464288
1762479755.277043,1.0
1762479755.777043,2.3219280948873626
1762479760.277043,2.807354922057605
1762479765.277043,2.807354922057605
1762479765.777043,2.7954618442383214
1762479766.277043,2.807354922057605
1762479766.777043,2.807354922057605
1762479767.277043,2.7516291673878226
1762479767.777043,2.721928094887362
1762479768.277043,2.807354922057605
1762479768.777043,2.807354922057605
1762479769.277043,2.7516291673878226
1762479769.777043,2.807354922057605
1762479770.277043,2.789898095464288
1762479770.777043,2.7954618442383214
1762479771.277043,2.807354922057605
1762479771.777043,2.807354922057605
1762479772.277043,2.789898095464288
1762479772.777043,2.7773627950641693
1762479773.277043,2.807354922057605
1762479773.777043,2.789898095464288
1762479774.277043,2.7773627950641693
1762479774.777043,2.807354922057605
1762479775.277043,2.789898095464288
1762479775.777043,2.807354922057605
1762479776.277043,2.807354922057605
1762479776.777043,2.798794940695399
1762479777.277043,2.807354922057605
1762479777.777043,2.807354922057605
1762479778.277043,2.7984246515704094
1762479778.777043,2.807354922057605
1762479779.277043,2.807354922057605
1762479779.777043,2.7954618442383214
1762479780.277043,2.8005091989892397
1762479780.777043,2.7772925846689
1762479781.277043,2.807354922057605
1762479781.777043,2.801002779861118
1762479782.277043,2.807354922057605
1762479782.777043,2.802476151181475
1762479783.277043,2.7924812503605785
1762479783.777043,2.793269689515109
1762479784.277043,2.793269689515109
1762479784.777043,2.7924812503605785
1762479785.277043,2.807354922057605
1762479785.777043,2.807354922057605
1762479786.277043,2.7773627950641693
1762479786.777043,2.807354922057605
1762479787.277043,2.802476151181475
1762479787.777043,2.807354922057605
1762479788.277043,2.7962176025900565
1762479788.777043,2.7942385860214762
1762479789.277043,2.807354922057605
1762479789.777043,2.807354922057605
1762479790.277043,2.807354922057605
1762479790.777043,2.7990077544108973
1762479791.277043,2.786115012874252
1762479791.777043,2.789898095464288
1762479792.277043,2.789898095464288
1762479792.777043,2.807354922057605
1762479793.277043,2.7773627950641693
1762479793.777043,2.789898095464288
1762479794.277043,2.807354922057605
1762479794.777043,2.807354922057605
1762479795.277043,2.7806390622295667
1762479795.777043,2.7954618442383214
1762479796.277043,2.807354922057605
1762479796.777043,2.807354922057605
1762479797.277043,2.786115012874252
1762479797.777043,2.7254805569978675
1762479798.277043,2.807354922057605
1762479798.777043,2.807354922057605
1762479799.277043,2.7954618442383214
1762479799.777043,2.0
1762479800.277043,2.7534343861887858
1762479800.777043,2.7924812503605785
1762479801.277043,2.807354922057605
1762479801.777043,2.789898095464288
1762479802.277043,2.7773627950641693
1762479802.777043,2.807354922057605
1762479803.277043,2.807354922057605
1762479803.777043,2.807354922057605
1762479804.277043,2.75
1762479804.777043,2.807354922057605
1762479805.277043,2.7954618442383214
1762479805.777043,2.789898095464288
1762479806.277043,2.807354922057605
1762479806.777043,2.7321588913645707
1762479807.277043,2.807354922057605
1762479807.777043,2.7806390622295667
1762479808.277043,2.807354922057605
1762479808.777043,2.75
1762479809.277043,2.807354922057605
1762479809.777043,2.807354922057605
1762479810.277043,2.7806390622295667
1762479810.777043,2.786115012874252
1762479811.277043,2.807354922057605
1762479811.777043,2.807354922057605
1762479812.277043,2.807354922057605
1762479812.777043,2.807354922057605
1762479813.277043,2.807354922057605
1762479813.777043,2.7321588913645707
1762479814.277043,2.721928094887362
1762479814.777043,2.721928094887362
1762479815.277043,2.789898095464288
1762479815.777043,2.7954618442383214
1762479816.277043,2.7516291673878226
1762479816.777043,2.7254805569978675
1762479817.277043,2.807354922057605
1762479817.777043,2.807354922057605
1762479818.277043,2.7773627950641693
1762479818.777043,2.7516291673878226
1762479819.277043,2.721928094887362
1762479819.777043,2.0
1762479820.777043,2.807354922057605
1762479825.277043,0.0
1762479825.777043,2.807354922057605
1762479830.777043,2.807354922057605
1762479835.777043,2.807354922057605
1762479840.777043,2.0
1762479845.777043,2.721928094887362
1762479846.277043,2.807354922057605
1762479846.777043,2.807354922057605
1762479847.277043,2.807354922057605
1762479847.777043,2.807354922057605
1762479848.277043,2.807354922057605
1762479848.777043,2.807354922057605
1762479849.277043,2.807354922057605
1762479849.777043,2.7254805569978675
1762479850.277043,2.7773627950641693
1762479850.777043,2.786115012874252
1762479851.277043,2.7773627950641693
1762479851.777043,2.7516291673878226
1762479852.277043,2.7321588913645707
1762479852.777043,2.807354922057605
1762479853.277043,2.807354922057605
1762479853.777043,2.807354922057605
1762479854.277043,2.807354922057605
1762479854.777043,2.807354922057605
1762479855.277043,2.807354922057605
1762479855.777043,2.801002779861118
1762479856.277043,2.802476151181475
1762479856.777043,2.807354922057605
1762479857.277043,2.807354922057605
1762479857.777043,2.798794940695399
1762479858.277043,2.793269689515109
1762479858.777043,2.8005091989892397
1762479859.277043,2.802476151181475
1762479859.777043,2.786115012874252
1762479860.277043,2.807354922057605
1762479860.777043,2.807354922057605
1762479861.277043,2.786514433419638
1762479861.777043,2.7786885704510977
1762479862.277043,2.807354922057605
1762479862.777043,2.802476151181475
1762479863.277043,2.8034086398791374
1762479863.777043,2.793269689515109
1762479864.277043,2.798794940695399
1762479864.777043,2.7954618442383214
1762479865.277043,2.8034086398791374
1762479865.777043,2.807354922057605
1762479866.277043,2.7990077544108973
1762479866.777043,2.7937595932809183
1762479867.277043,2.7897170014624826
1762479867.777043,2.807354922057605
1762479868.277043,2.801002779861118
1762479868.777043,2.8034086398791374
1762479869.277043,2.789898095464288
1762479869.777043,2.789898095464288
1762479870.277043,2.807354922057605
1762479870.777043,2.807354922057605
1762479871.277043,2.807354922057605
1762479871.777043,2.807354922057605
1762479872.277043,2.807354922057605
1762479872.777043,2.807354922057605
1762479873.277043,2.807354922057605
1762479873.777043,2.807354922057605
1762479874.277043,2.807354922057605
1762479874.777043,2.807354922057605
1762479875.277043,2.807354922057605
1762479875.777043,2.807354922057605
1762479876.277043,2.807354922057605
1762479876.777043,2.7806390622295667
1762479877.277043,2.7516291673878226
1762479877.777043,2.807354922057605
1762479878.277043,2.807354922057605
1762479878.777043,2.807354922057605
1762479879.277043,2.807354922057605
1762479879.777043,2.807354922057605
1762479880.277043,2.779950000961542
1762479880.777043,2.7806390622295667
1762479881.277043,0.0
1762479885.777043,2.7254805569978675
1762479890.777043,2.75
1762479895.777043,2.7773627950641693
1762479896.277043,2.807354922057605
1762479896.777043,2.777776811456786
1762479897.277043,2.777776811456786
1762479897.777043,2.807354922057605
1762479898.277043,2.807354922057605
1762479898.777043,2.789898095464288
1762479899.277043,2.807354922057605
1762479899.777043,2.807354922057605
1762479900.277043,2.807354922057605
1762479900.777043,2.807354922057605
1762479901.277043,2.807354922057605
1762479901.777043,2.807354922057605
1762479902.277043,2.807354922057605
1762479902.777043,2.807354922057605
1762479903.277043,2.807354922057605
1762479903.777043,2.807354922057605
1762479904.277043,2.779950000961542
1762479904.777043,2.721928094887362
1762479905.277043,2.801002779861118
1762479905.777043,2.7899062209538794
1762479906.277043,2.789898095464288
1762479906.777043,2.801002779861118
1762479907.277043,2.7962176025900565
1762479907.777043,2.7995812306460652
1762479908.277043,2.802476151181475
1762479908.777043,2.807354922057605
1762479909.277043,2.807354922057605
1762479909.777043,2.807354922057605
1762479910.277043,2.8034086398791374
1762479910.777043,2.807354922057605
1762479911.277043,2.7962176025900565
1762479911.777043,2.7995812306460652
1762479912.277043,2.802476151181475
1762479912.777043,2.798794940695399
1762479913.277043,2.7995812306460652
1762479913.777043,2.807354922057605
1762479914.277043,2.802476151181475
1762479914.777043,2.807354922057605
1762479915.277043,2.802476151181475
1762479915.777043,2.7962176025900565
1762479916.277043,2.802476151181475
1762479916.777043,2.807354922057605
1762479917.277043,2.807354922057605
1762479917.777043,2.807354922057605
1762479918.277043,2.807354922057605
1762479918.777043,2.793269689515109
1762479919.277043,2.7995812306460652
1762479919.777043,2.786115012874252
1762479920.277043,2.807354922057605
1762479920.777043,2.7924812503605785
1762479921.277043,2.807354922057605
1762479921.777043,2.807354922057605
1762479922.277043,2.807354922057605
1762479922.777043,2.807354922057605
1762479923.277043,2.807354922057605
1762479923.777043,2.807354922057605
1762479924.277043,2.807354922057605
1762479924.777043,2.807354922057605
1762479925.277043,2.801002779861118
1762479925.777043,2.807354922057605
1762479926.277043,2.807354922057605
1762479926.777043,2.807354922057605
1762479927.277043,2.807354922057605
1762479927.777043,2.807354922057605
1762479928.277043,2.807354922057605
1762479928.777043,2.802476151181475
1762479929.277043,2.801002779861118
1762479929.777043,2.7954618442383214
1762479930.277043,2.789898095464288
1762479930.777043,2.807354922057605
1762479931.277043,2.786115012874252
1762479931.777043,2.807354922057605
1762479932.277043,2.807354922057605
1762479932.777043,2.807354922057605
1762479933.277043,2.789898095464288
1762479933.777043,2.7773627950641693
1762479934.277043,2.807354922057605
1762479934.777043,2.807354922057605
1762479935.277043,2.807354922057605
1762479935.777043,2.7954618442383214
1762479936.277043,2.75
1762479936.777043,2.789898095464288
1762479937.277043,2.7773627950641693
1762479937.777043,2.807354922057605
1762479938.277043,2.807354922057605
1762479938.777043,2.807354922057605
1762479939.277043,2.807354922057605
1762479939.777043,2.807354922057605
1762479940.277043,2.807354922057605
1762479940.777043,2.7954618442383214
1762479941.277043,2.789898095464288
1762479941.777043,2.807354922057605
1762479942.277043,2.807354922057605
1762479942.777043,2.807354922057605
1762479943.277043,2.786115012874252
1762479943.777043,2.7254805569978675
1762479944.277043,2.807354922057605
1762479944.777043,2.807354922057605
1762479945.277043,2.807354922057605
1762479945.777043,2.807354922057605
1762479946.277043,2.807354922057605
1762479946.777043,2.807354922057605
1762479947.277043,2.807354922057605
1762479947.777043,2.807354922057605
1762479948.277043,2.807354922057605
1762479948.777043,2.807354922057605
1762479949.277043,2.807354922057605
1762479949.777043,2.807354922057605
1762479950.277043,2.7773627950641693
1762479950.777043,2.807354922057605
1762479951.277043,2.789898095464288
1762479951.777043,2.807354922057605
1762479952.277043,2.7773627950641693
1762479952.777043,2.789898095464288
1762479953.277043,2.807354922057605
1762479953.777043,2.807354922057605
1762479954.277043,2.807354922057605
1762479954.777043,2.807354922057605
1762479955.277043,2.807354922057605
1762479955.777043,2.807354922057605
1762479956.277043,2.807354922057605
1762479956.777043,2.807354922057605
1762479957.277043,2.807354922057605
1762479957.777043,2.807354922057605
1762479958.277043,2.807354922057605
1762479958.777043,2.807354922057605
1762479959.277043,2.807354922057605
1762479959.777043,2.7773627950641693
1762479960.277043,2.7773627950641693
1762479960.777043,2.786115012874252
1762479961.277043,2.807354922057605
1762479961.777043,2.777776811456786
1762479962.277043,2.807354922057605
1762479962.777043,2.807354922057605
1762479963.277043,2.7773627950641693
1762479963.777043,2.789898095464288
1762479964.277043,2.807354922057605
1762479964.777043,2.7773627950641693
1762479965.277043,2.75
1762479965.777043,2.807354922057605
1762479966.277043,2.7954618442383214
1762479966.777043,2.789898095464288
1762479967.277043,2.807354922057605
1762479967.777043,2.807354922057605
1762479968.277043,2.807354922057605
1762479968.777043,2.807354922057605
1762479969.277043,2.786115012874252
1762479969.777043,2.7254805569978675
1762479970.277043,2.7516291673878226
1762479970.777043,2.7990077544108973
1762479971.277043,2.807354922057605
1762479971.777043,2.789898095464288
1762479972.277043,2.7516291673878226
1762479972.777043,2.7254805569978675
1762479973.277043,2.807354922057605
1762479973.777043,2.807354922057605
1762479974.277043,2.807354922057605
1762479974.777043,2.7254805569978675
1762479975.277043,2.721928094887362
1762479975.777043,2.807354922057605
1762479976.277043,2.807354922057605
1762479976.777043,2.807354922057605
1762479977.277043,2.807354922057605
1762479977.777043,2.807354922057605
1762479978.277043,2.807354922057605
1762479978.777043,2.807354922057605
1762479979.277043,2.807354922057605
1762479979.777043,2.7321588913645707
1762479980.277043,2.721928094887362
1762479980.777043,2.7942385860214762
1762479981.277043,2.7806390622295667
1762479981.777043,2.721928094887362
1762479982.277043,2.807354922057605
1762479982.777043,2.7954618442383214
1762479983.277043,2.789898095464288
1762479983.777043,2.7773627950641693
1762479984.277043,2.807354922057605
1762479984.777043,2.807354922057605
1762479985.277043,2.75
1762479985.777043,2.807354922057605
1762479986.277043,2.789898095464288
1762479986.777043,2.807354922057605
1762479987.277043,2.807354922057605
1762479987.777043,2.807354922057605
1762479988.277043,2.807354922057605
1762479988.777043,2.807354922057605
1762479989.277043,2.807354922057605
1762479989.777043,2.807354922057605
1762479990.277043,2.807354922057605
1762479990.777043,2.7806390622295667
1762479991.277043,2.786115012874252
1762479991.777043,2.7773627950641693
1762479992.277043,2.807354922057605
1762479992.777043,2.7254805569978675
1762479993.277043,2.7773627950641693
1762479993.777043,2.807354922057605
1762479994.277043,2.807354922057605
1762479994.777043,2.7773627950641693
1762479995.277043,2.75
1762479995.777043,2.7333716642706998
1762479996.277043,2.777776811456786
1762479996.777043,2.7516291673878226
1762479997.277043,2.721928094887362
1762479997.777043,2.807354922057605
1762479998.277043,2.807354922057605
1762479998.777043,2.7773627950641693
1762479999.277043,2.789898095464288
1762479999.777043,2.807354922057605
1762480000.777043,2.3219280948873626
1762480001.277043,2.0
1762480005.777043,1.584962500721156
1762480006.277043,2.0
1762480010.777043,0.0
1762480011.277043,2.584962500721156
1762480015.277043,2.584962500721156
1762480015.777043,2.7806390622295667
1762480016.277043,2.7773627950641693
1762480016.777043,2.807354922057605
1762480017.277043,2.779950000961542
1762480017.777043,2.777776811456786
1762480018.277043,2.7321588913645707
1762480018.777043,2.807354922057605
1762480019.277043,2.7806390622295667
1762480019.777043,2.807354922057605
1762480020.277043,2.75
1762480020.777043,2.807354922057605
1762480021.277043,2.7954618442383214
1762480021.777043,0.0
1762480025.777043,1.584962500721156
1762480026.277043,2.7321588913645707
1762480026.777043,2.807354922057605
1762480027.277043,2.807354922057605
1762480027.777043,2.7773627950641693
1762480028.277043,2.75
1762480028.777043,2.807354922057605
1762480029.277043,2.807354922057605
1762480029.777043,2.7773627950641693
1762480030.277043,2.7516291673878226
1762480030.777043,2.721928094887362
1762480031.277043,2.807354922057605
1762480031.777043,2.807354922057605
1762480032.277043,2.7773627950641693
1762480032.777043,2.7516291673878226
1762480033.277043,2.721928094887362
1762480033.777043,2.7773627950641693
1762480034.277043,2.807354922057605
1762480034.777043,2.7516291673878226
1762480035.277043,2.721928094887362
1762480035.777043,2.7773627950641693
1762480036.277043,2.75
1762480036.777043,2.807354922057605
1762480037.277043,2.807354922057605
1762480037.777043,2.807354922057605
1762480038.277043,2.7773627950641693
1762480038.777043,2.75
1762480039.277043,2.807354922057605
1762480039.777043,2.75
1762480040.277043,2.7516291673878226
1762480040.777043,2.75
1762480041.277043,2.807354922057605
1762480045.777043,0.0
1762480046.277043,2.584962500721156
