timestamp,can_id,dlc,payload_hex,label,attack_type,attack_id,recv_time_iso
1774016609.591509,0x1a0,8,000000f020300242,benign,,,2026-03-20T14:23:29.592010Z
1774016609.643319,0xc4,8,0000000000000000,benign,,,2026-03-20T14:23:29.643566Z
1774016609.646232,0x1b4,8,0000000000000000,benign,,,2026-03-20T14:23:29.646445Z
1774016609.649619,0xba,8,033264324100000c,benign,,,2026-03-20T14:23:29.649918Z
1774016609.844202,0x1a0,8,000000f020300242,benign,,,2026-03-20T14:23:29.844471Z
1774016609.893909,0xc4,8,0000000000000000,benign,,,2026-03-20T14:23:29.894246Z
1774016609.896717,0x1b4,8,0000000000000000,benign,,,2026-03-20T14:23:29.896967Z
1774016609.901225,0xba,8,033264324100000c,benign,,,2026-03-20T14:23:29.901571Z
1774016610.094677,0x1a0,8,000000f020300242,benign,,,2026-03-20T14:23:30.094955Z
1774016610.151186,0xc4,8,0000000000000000,benign,,,2026-03-20T14:23:30.151435Z
1774016610.15462,0x1b4,8,0000000000000000,benign,,,2026-03-20T14:23:30.154879Z
1774016610.158743,0xba,8,033264324100000c,benign,,,2026-03-20T14:23:30.159010Z
1774016610.351899,0x1a0,8,000000f020300242,benign,,,2026-03-20T14:23:30.352255Z
1774016610.40866,0xc4,8,0000000000000000,benign,,,2026-03-20T14:23:30.408951Z
1774016610.412371,0x1b4,8,0000000000000000,benign,,,2026-03-20T14:23:30.412643Z
1774016610.416315,0xba,8,033264324100000c,benign,,,2026-03-20T14:23:30.416639Z
1774016610.609327,0x1a0,8,000000f020300242,benign,,,2026-03-20T14:23:30.609660Z
1774016610.664856,0xc4,8,0000000000000000,benign,,,2026-03-20T14:23:30.665139Z
1774016610.668385,0x1b4,8,0000000000000000,benign,,,2026-03-20T14:23:30.668680Z
1774016610.674104,0xba,8,033264324100000c,benign,,,2026-03-20T14:23:30.674360Z
1774016610.865484,0x1a0,8,000000f020300242,benign,,,2026-03-20T14:23:30.865780Z
1774016610.917561,0xc4,8,0000000000000000,benign,,,2026-03-20T14:23:30.917877Z
1774016610.921271,0x1b4,8,0000000000000000,benign,,,2026-03-20T14:23:30.921533Z
1774016610.925407,0xba,8,033264324100000c,benign,,,2026-03-20T14:23:30.925676Z
1774016611.118165,0x1a0,8,000000f020300242,benign,,,2026-03-20T14:23:31.118459Z
1774016611.175393,0xc4,8,0000000000000000,benign,,,2026-03-20T14:23:31.175648Z
1774016611.178468,0x1b4,8,0000000000000000,benign,,,2026-03-20T14:23:31.178724Z
1774016611.193323,0xba,8,033264324100000c,benign,,,2026-03-20T14:23:31.193540Z
1774016611.376113,0x1a0,8,000000f020300242,benign,,,2026-03-20T14:23:31.376385Z
1774016611.427683,0xc4,8,0000000000000000,benign,,,2026-03-20T14:23:31.427965Z
1774016611.431437,0x1b4,8,0000000000000000,benign,,,2026-03-20T14:23:31.431739Z
1774016611.435553,0xba,8,033264324100000c,benign,,,2026-03-20T14:23:31.435837Z
1774016611.628411,0x1a0,8,000000f020300242,benign,,,2026-03-20T14:23:31.628709Z
1774016611.698076,0xc4,8,0000000000000000,benign,,,2026-03-20T14:23:31.698374Z
1774016611.707195,0x1b4,8,0000000000000000,benign,,,2026-03-20T14:23:31.707413Z
1774016611.710748,0xba,8,033264324100000c,benign,,,2026-03-20T14:23:31.711019Z
1774016611.898699,0x1a0,8,000000f020300242,benign,,,2026-03-20T14:23:31.898916Z
1774016611.944708,0xc4,8,0000000000000000,benign,,,2026-03-20T14:23:31.944971Z
1774016611.94827,0x1b4,8,0000000000000000,benign,,,2026-03-20T14:23:31.948544Z
1774016611.95163,0xba,8,033264324100000c,benign,,,2026-03-20T14:23:31.951984Z
1774016612.145397,0x1a0,8,000000f020300242,benign,,,2026-03-20T14:23:32.145627Z
1774016612.195566,0xc4,8,0000000000000000,benign,,,2026-03-20T14:23:32.195803Z
1774016612.198901,0x1b4,8,0000000000000000,benign,,,2026-03-20T14:23:32.199167Z
1774016612.20404,0xba,8,033264324100000c,benign,,,2026-03-20T14:23:32.204604Z
1774016843.750005,0x1a0,8,000000f020300242,benign,,,2026-03-20T14:27:23.750247Z
1774016843.800005,0xc4,8,0000000000000000,benign,,,2026-03-20T14:27:23.800273Z
1774016843.803813,0x1b4,8,0000000000000000,benign,,,2026-03-20T14:27:23.804095Z
1774016843.806838,0xba,8,033264324100000c,benign,,,2026-03-20T14:27:23.807118Z
1774016612.643516,0x1a0,8,000000f020300242,benign,,,2026-03-20T14:23:32.643829Z
1774016612.691054,0xc4,8,0000000000000000,benign,,,2026-03-20T14:23:32.691283Z
1774016612.693963,0x1b4,8,0000000000000000,benign,,,2026-03-20T14:23:32.694283Z
1774016612.696633,0xba,8,033264324100000c,benign,,,2026-03-20T14:23:32.696852Z
1774016612.893052,0x1a0,8,000000f020300242,benign,,,2026-03-20T14:23:32.893346Z
1774016612.948684,0xc4,8,0000000000000000,benign,,,2026-03-20T14:23:32.948962Z
1774016612.952329,0x1b4,8,0000000000000000,benign,,,2026-03-20T14:23:32.952684Z
1774016612.956229,0xba,8,033264324100000c,benign,,,2026-03-20T14:23:32.956508Z
1774016613.150757,0x1a0,8,000000f020300242,benign,,,2026-03-20T14:23:33.151034Z
1774016613.206502,0xc4,8,0000000000000000,benign,,,2026-03-20T14:23:33.206778Z
1774016613.213479,0x1b4,8,0000000000000000,benign,,,2026-03-20T14:23:33.213757Z
1774016613.218534,0xba,8,033264324100000c,benign,,,2026-03-20T14:23:33.218779Z
1774016613.408591,0x1a0,8,000000f020300242,benign,,,2026-03-20T14:23:33.408996Z
1774016613.469337,0xc4,8,0000000000000000,benign,,,2026-03-20T14:23:33.469705Z
1774016613.472625,0x1b4,8,0000000000000000,benign,,,2026-03-20T14:23:33.472884Z
1774016613.477704,0xba,8,033264324100000c,benign,,,2026-03-20T14:23:33.477989Z
1774016613.670929,0x1a0,8,000000f020300242,benign,,,2026-03-20T14:23:33.671181Z
1774016613.722815,0xc4,8,0000000000000000,benign,,,2026-03-20T14:23:33.723113Z
1774016613.725631,0x1b4,8,0000000000000000,benign,,,2026-03-20T14:23:33.725894Z
1774016613.730391,0xba,8,033264324100000c,benign,,,2026-03-20T14:23:33.730660Z
1774016613.923903,0x1a0,8,000000f020300242,benign,,,2026-03-20T14:23:33.924245Z
1774016613.97227,0xc4,8,0000000000000000,benign,,,2026-03-20T14:23:33.972630Z
1774016613.975274,0x1b4,8,0000000000000000,benign,,,2026-03-20T14:23:33.975549Z
1774016613.979016,0xba,8,033264324100000c,benign,,,2026-03-20T14:23:33.979239Z
1774016614.173867,0x1a0,8,000000f020300242,benign,,,2026-03-20T14:23:34.174375Z
1774016614.228143,0xc4,8,0000000000000000,benign,,,2026-03-20T14:23:34.228427Z
1774016614.231155,0x1b4,8,0000000000000000,benign,,,2026-03-20T14:23:34.231442Z
1774016614.235072,0xba,8,033264324100000c,benign,,,2026-03-20T14:23:34.235327Z
1774016614.429081,0x1a0,8,000000f020300242,benign,,,2026-03-20T14:23:34.429336Z
1774016614.481094,0xc4,8,0000000000000000,benign,,,2026-03-20T14:23:34.481392Z
1774016614.484293,0x1b4,8,0000000000000000,benign,,,2026-03-20T14:23:34.484637Z
1774016614.489427,0xba,8,033264324100000c,benign,,,2026-03-20T14:23:34.489716Z
1774016614.683089,0x1a0,8,000000f020300242,benign,,,2026-03-20T14:23:34.683438Z
1774016614.737925,0xc4,8,0000000000000000,benign,,,2026-03-20T14:23:34.738328Z
1774016614.740934,0x1b4,8,0000000000000000,benign,,,2026-03-20T14:23:34.741260Z
1774016614.744643,0xba,8,033264324100000c,benign,,,2026-03-20T14:23:34.744890Z
1774016614.939402,0x1a0,8,000000f020300242,benign,,,2026-03-20T14:23:34.939704Z
1774016614.993824,0xc4,8,0000000000000000,benign,,,2026-03-20T14:23:34.994185Z
1774016614.996593,0x1b4,8,0000000000000000,benign,,,2026-03-20T14:23:34.996832Z
1774016614.999938,0xba,8,033264324100000c,benign,,,2026-03-20T14:23:35.000223Z
1774016615.195171,0x1a0,8,000000f020300242,benign,,,2026-03-20T14:23:35.195451Z
1774016615.247319,0xc4,8,0000000000000000,benign,,,2026-03-20T14:23:35.247624Z
1774016615.250173,0x1b4,8,0000000000000000,benign,,,2026-03-20T14:23:35.250454Z
1774016615.253951,0xba,8,033264324100000c,benign,,,2026-03-20T14:23:35.254231Z
1774016615.449358,0x1a0,8,000000f020300242,benign,,,2026-03-20T14:23:35.449696Z
1774016615.508663,0xc4,8,0000000000000000,benign,,,2026-03-20T14:23:35.508943Z
1774016615.511943,0x1b4,8,0000000000000000,benign,,,2026-03-20T14:23:35.512243Z
1774016615.516533,0xba,8,033264324100000c,benign,,,2026-03-20T14:23:35.516836Z
1774016615.709669,0x1a0,8,000000f020300242,benign,,,2026-03-20T14:23:35.709993Z
1774016615.761902,0xc4,8,0000000000000000,benign,,,2026-03-20T14:23:35.762185Z
1774016615.765762,0x1b4,8,0000000000000000,benign,,,2026-03-20T14:23:35.766045Z
1774016615.770266,0xba,8,033264324100000c,benign,,,2026-03-20T14:23:35.770547Z
1774016615.963265,0x1a0,8,000000f020300242,benign,,,2026-03-20T14:23:35.963578Z
1774016616.015447,0xc4,8,0000000000000000,benign,,,2026-03-20T14:23:36.015726Z
1774016616.018627,0x1b4,8,0000000000000000,benign,,,2026-03-20T14:23:36.018867Z
1774016616.022996,0xba,8,033264324100000c,benign,,,2026-03-20T14:23:36.023250Z
1774016616.217544,0x1a0,8,000000f020300242,benign,,,2026-03-20T14:23:36.217791Z
1774016616.271003,0xc4,8,0000000000000000,benign,,,2026-03-20T14:23:36.271275Z
1774016616.275135,0x1b4,8,0000000000000000,benign,,,2026-03-20T14:23:36.275392Z
1774016616.279368,0xba,8,033264324100000c,benign,,,2026-03-20T14:23:36.279672Z
1774016616.472336,0x1a0,8,000000f020300242,benign,,,2026-03-20T14:23:36.472620Z
1774016616.531459,0xc4,8,0000000000000000,benign,,,2026-03-20T14:23:36.532101Z
1774016616.534768,0x1b4,8,0000000000000000,benign,,,2026-03-20T14:23:36.535055Z
1774016616.537958,0xba,8,033264324100000c,benign,,,2026-03-20T14:23:36.538216Z
1774016616.732561,0x1a0,8,000000f020300242,benign,,,2026-03-20T14:23:36.732783Z
1774016616.78087,0xc4,8,0000000000000000,benign,,,2026-03-20T14:23:36.781255Z
1774016616.783734,0x1b4,8,0000000000000000,benign,,,2026-03-20T14:23:36.783996Z
1774016616.787767,0xba,8,033264324100000c,benign,,,2026-03-20T14:23:36.788013Z
1774016616.982269,0x1a0,8,000000f020300242,benign,,,2026-03-20T14:23:36.982578Z
1774016617.039355,0xc4,8,0000000000000000,benign,,,2026-03-20T14:23:37.039655Z
1774016617.042337,0x1b4,8,0000000000000000,benign,,,2026-03-20T14:23:37.042608Z
1774016617.04544,0xba,8,033264324100000c,benign,,,2026-03-20T14:23:37.045812Z
1774016617.240406,0x1a0,8,000000f020300242,benign,,,2026-03-20T14:23:37.240741Z
1774016617.292367,0xc4,8,0000000000000000,benign,,,2026-03-20T14:23:37.292697Z
1774016617.296292,0x1b4,8,0000000000000000,benign,,,2026-03-20T14:23:37.296609Z
1774016617.300746,0xba,8,033264324100000c,benign,,,2026-03-20T14:23:37.301044Z
1774016617.494107,0x1a0,8,000000f020300242,benign,,,2026-03-20T14:23:37.494517Z
1774016617.549441,0xc4,8,0000000000000000,benign,,,2026-03-20T14:23:37.549731Z
1774016617.552543,0x1b4,8,0000000000000000,benign,,,2026-03-20T14:23:37.552808Z
1774016617.556761,0xba,8,033264324100000c,benign,,,2026-03-20T14:23:37.557091Z
1774016848.731223,0x1a0,8,000000f020300242,benign,,,2026-03-20T14:27:28.731731Z
1774016848.783815,0xc4,8,0000000000000000,benign,,,2026-03-20T14:27:28.784025Z
1774016848.786534,0x1b4,8,0000000000000000,benign,,,2026-03-20T14:27:28.786779Z
1774016848.790564,0xba,8,033264324100000c,benign,,,2026-03-20T14:27:28.790791Z
1774016617.618507,0x1a0,8,000000f020300242,benign,,,2026-03-20T14:23:37.618763Z
1774016617.663211,0xc4,8,0000000000000000,benign,,,2026-03-20T14:23:37.663478Z
1774016617.665971,0x1b4,8,0000000000000000,benign,,,2026-03-20T14:23:37.666221Z
1774016617.668423,0xba,8,033264324100000c,benign,,,2026-03-20T14:23:37.668698Z
1774016617.863868,0x1a0,8,000000f020300242,benign,,,2026-03-20T14:23:37.864116Z
1774016617.912267,0xc4,8,0000000000000000,benign,,,2026-03-20T14:23:37.912532Z
1774016617.91489,0x1b4,8,0000000000000000,benign,,,2026-03-20T14:23:37.915235Z
1774016617.917656,0xba,8,033264324100000c,benign,,,2026-03-20T14:23:37.917890Z
1774016618.112917,0x1a0,8,000000f020300242,benign,,,2026-03-20T14:23:38.113189Z
1774016618.16523,0xc4,8,0000000000000000,benign,,,2026-03-20T14:23:38.165497Z
1774016618.168558,0x1b4,8,0000000000000000,benign,,,2026-03-20T14:23:38.168770Z
1774016618.172156,0xba,8,033264324100000c,benign,,,2026-03-20T14:23:38.172397Z
1774016618.365869,0x1a0,8,000000f020300242,benign,,,2026-03-20T14:23:38.366217Z
1774016618.412972,0xc4,8,0000000000000000,benign,,,2026-03-20T14:23:38.413195Z
1774016618.415949,0x1b4,8,0000000000000000,benign,,,2026-03-20T14:23:38.416153Z
1774016618.419389,0xba,8,033264324100000c,benign,,,2026-03-20T14:23:38.419648Z
1774016618.613556,0x1a0,8,000000f020300242,benign,,,2026-03-20T14:23:38.613816Z
1774016618.663868,0xc4,8,0000000000000000,benign,,,2026-03-20T14:23:38.664180Z
1774016618.666825,0x1b4,8,0000000000000000,benign,,,2026-03-20T14:23:38.667105Z
1774016618.669964,0xba,8,033264324100000c,benign,,,2026-03-20T14:23:38.670273Z
1774016618.864452,0x1a0,8,000000f020300242,benign,,,2026-03-20T14:23:38.864680Z
1774016618.918242,0xc4,8,0000000000000000,benign,,,2026-03-20T14:23:38.918488Z
1774016618.921407,0x1b4,8,0000000000000000,benign,,,2026-03-20T14:23:38.921666Z
1774016618.926314,0xba,8,033264324100000c,benign,,,2026-03-20T14:23:38.926609Z
1774016619.11888,0x1a0,8,000000f020300242,benign,,,2026-03-20T14:23:39.119118Z
1774016619.165397,0xc4,8,0000000000000000,benign,,,2026-03-20T14:23:39.165601Z
1774016619.168402,0x1b4,8,0000000000000000,benign,,,2026-03-20T14:23:39.168626Z
1774016619.170934,0xba,8,033264324100000c,benign,,,2026-03-20T14:23:39.171194Z
1774016619.366047,0x1a0,8,000000f020300242,benign,,,2026-03-20T14:23:39.366302Z
1774016619.411377,0xc4,8,0000000000000000,benign,,,2026-03-20T14:23:39.411762Z
1774016619.414174,0x1b4,8,0000000000000000,benign,,,2026-03-20T14:23:39.414427Z
1774016619.418044,0xba,8,033264324100000c,benign,,,2026-03-20T14:23:39.418315Z
1774016619.612004,0x1a0,8,000000f020300242,benign,,,2026-03-20T14:23:39.612328Z
1774016619.660562,0xc4,8,0000000000000000,benign,,,2026-03-20T14:23:39.660784Z
1774016619.663491,0x1b4,8,0000000000000000,benign,,,2026-03-20T14:23:39.663734Z
1774016619.666816,0xba,8,033264324100000c,benign,,,2026-03-20T14:23:39.667044Z
1774016619.861252,0x1a0,8,000000f020300242,benign,,,2026-03-20T14:23:39.861522Z
1774016619.905981,0xc4,8,0000000000000000,benign,,,2026-03-20T14:23:39.906246Z
1774016619.909035,0x1b4,8,0000000000000000,benign,,,2026-03-20T14:23:39.909309Z
1774016619.913047,0xba,8,033264324100000c,benign,,,2026-03-20T14:23:39.913284Z
1774016620.106726,0x1a0,8,000000f020300242,benign,,,2026-03-20T14:23:40.106921Z
1774016620.15725,0xc4,8,0000000000000000,benign,,,2026-03-20T14:23:40.157504Z
1774016620.160183,0x1b4,8,0000000000000000,benign,,,2026-03-20T14:23:40.160416Z
1774016620.163766,0xba,8,033264324100000c,benign,,,2026-03-20T14:23:40.164019Z
1774016620.358284,0x1a0,8,000000f020300242,benign,,,2026-03-20T14:23:40.358625Z
1774016620.409993,0xc4,8,0000000000000000,benign,,,2026-03-20T14:23:40.410243Z
1774016620.415841,0x1b4,8,0000000000000000,benign,,,2026-03-20T14:23:40.416101Z
1774016620.425025,0xba,8,033264324100000c,benign,,,2026-03-20T14:23:40.425281Z
1774016620.610595,0x1a0,8,000000f020300242,benign,,,2026-03-20T14:23:40.610808Z
1774016620.664119,0xc4,8,0000000000000000,benign,,,2026-03-20T14:23:40.664370Z
1774016620.667373,0x1b4,8,0000000000000000,benign,,,2026-03-20T14:23:40.667634Z
1774016620.671611,0xba,8,033264324100000c,benign,,,2026-03-20T14:23:40.671883Z
1774016620.864791,0x1a0,8,000000f020300242,benign,,,2026-03-20T14:23:40.865095Z
1774016620.91691,0xc4,8,0000000000000000,benign,,,2026-03-20T14:23:40.917176Z
1774016620.920676,0x1b4,8,0000000000000000,benign,,,2026-03-20T14:23:40.920996Z
1774016620.923914,0xba,8,033264324100000c,benign,,,2026-03-20T14:23:40.924144Z
1774016621.11755,0x1a0,8,000000f020300242,benign,,,2026-03-20T14:23:41.117785Z
1774016621.161937,0xc4,8,0000000000000000,benign,,,2026-03-20T14:23:41.162208Z
1774016621.164544,0x1b4,8,0000000000000000,benign,,,2026-03-20T14:23:41.164811Z
1774016621.167011,0xba,8,033264324100000c,benign,,,2026-03-20T14:23:41.167271Z
1774016621.36261,0x1a0,8,000000f020300242,benign,,,2026-03-20T14:23:41.362885Z
1774016621.407432,0xc4,8,0000000000000000,benign,,,2026-03-20T14:23:41.407687Z
1774016621.41495,0x1b4,8,0000000000000000,benign,,,2026-03-20T14:23:41.415144Z
1774016621.424139,0xba,8,033264324100000c,benign,,,2026-03-20T14:23:41.424336Z
1774016621.608084,0x1a0,8,000000f020300242,benign,,,2026-03-20T14:23:41.608293Z
1774016621.680269,0xc4,8,0000000000000000,benign,,,2026-03-20T14:23:41.680488Z
1774016621.687307,0x1b4,8,0000000000000000,benign,,,2026-03-20T14:23:41.687768Z
1774016621.693672,0xba,8,033264324100000c,benign,,,2026-03-20T14:23:41.693933Z
1774016621.880607,0x1a0,8,781000f0203002ca,benign,,,2026-03-20T14:23:41.881088Z
1774016621.881076,0x1a0,8,000000f020300242,benign,,,2026-03-20T14:23:41.881831Z
1774016621.951285,0xc4,8,0000000000000000,benign,,,2026-03-20T14:23:41.951482Z
1774016621.958326,0x1b4,8,0000000000000000,benign,,,2026-03-20T14:23:41.958573Z
1774016621.965199,0xba,8,033264324100000c,benign,,,2026-03-20T14:23:41.965517Z
1774016622.151867,0x1a0,8,000000f020300242,benign,,,2026-03-20T14:23:42.152108Z
1774016622.238657,0xc4,8,0000000000000000,benign,,,2026-03-20T14:23:42.238948Z
1774016622.24826,0x1b4,8,0000000000000000,benign,,,2026-03-20T14:23:42.248554Z
1774016622.252038,0xba,8,033264324100000c,benign,,,2026-03-20T14:23:42.252274Z
1774016853.795919,0x1a0,8,000000f020300242,benign,,,2026-03-20T14:27:33.796263Z
1774016853.8617,0xc4,8,0000000000000000,benign,,,2026-03-20T14:27:33.862002Z
1774016622.522015,0x1b4,8,0000000000000000,benign,,,2026-03-20T14:23:42.522314Z
1774016622.537273,0xba,8,033264324100000c,benign,,,2026-03-20T14:23:42.537557Z
1774016622.706282,0x1a0,8,000000f020300242,benign,,,2026-03-20T14:23:42.706531Z
1774016622.764045,0xc4,8,0000000000000000,benign,,,2026-03-20T14:23:42.764422Z
1774016622.76736,0x1b4,8,0000000000000000,benign,,,2026-03-20T14:23:42.767639Z
1774016622.772981,0xba,8,033264324100000c,benign,,,2026-03-20T14:23:42.773268Z
1774016622.964777,0x1a0,8,000000f020300242,benign,,,2026-03-20T14:23:42.964979Z
1774016623.042422,0xc4,8,0000000000000000,benign,,,2026-03-20T14:23:43.042707Z
1774016623.062082,0x1b4,8,0000000000000000,benign,,,2026-03-20T14:23:43.062378Z
1774016623.066885,0xba,8,033264324100000c,benign,,,2026-03-20T14:23:43.067148Z
1774016623.243091,0x1a0,8,000000f020300242,benign,,,2026-03-20T14:23:43.243403Z
1774016623.294374,0xc4,8,0000000000000000,benign,,,2026-03-20T14:23:43.294670Z
1774016623.298445,0x1b4,8,0000000000000000,benign,,,2026-03-20T14:23:43.298792Z
1774016623.302881,0xba,8,033264324100000c,benign,,,2026-03-20T14:23:43.303173Z
1774016623.495108,0x1a0,8,000000f020300242,benign,,,2026-03-20T14:23:43.495356Z
1774016623.549904,0xc4,8,0000000000000000,benign,,,2026-03-20T14:23:43.550213Z
1774016623.554301,0x1b4,8,0000000000000000,benign,,,2026-03-20T14:23:43.554582Z
1774016623.558633,0xba,8,033264324100000c,benign,,,2026-03-20T14:23:43.558916Z
1774016623.750279,0x1a0,8,000000f020300242,benign,,,2026-03-20T14:23:43.750573Z
1774016623.798829,0xc4,8,0000000000000000,benign,,,2026-03-20T14:23:43.799251Z
1774016623.802818,0x1b4,8,0000000000000000,benign,,,2026-03-20T14:23:43.803091Z
1774016623.80534,0xba,8,033264324100000c,benign,,,2026-03-20T14:23:43.805564Z
1774016623.999515,0x1a0,8,000000f020300242,benign,,,2026-03-20T14:23:43.999818Z
1774016624.061224,0xc4,8,0000000000000000,benign,,,2026-03-20T14:23:44.061447Z
1774016624.068752,0x1b4,8,0000000000000000,benign,,,2026-03-20T14:23:44.069042Z
1774016624.071548,0xba,8,033264324100000c,benign,,,2026-03-20T14:23:44.071827Z
1774016624.262354,0x1a0,8,000000f020300242,benign,,,2026-03-20T14:23:44.262514Z
1774016624.316863,0xc4,8,0000000000000000,benign,,,2026-03-20T14:23:44.317117Z
1774016624.319749,0x1b4,8,0000000000000000,benign,,,2026-03-20T14:23:44.319965Z
1774016624.322752,0xba,8,033264324100000c,benign,,,2026-03-20T14:23:44.323020Z
1774016624.517535,0x1a0,8,000000f020300242,benign,,,2026-03-20T14:23:44.517820Z
1774016624.569975,0xc4,8,0000000000000000,benign,,,2026-03-20T14:23:44.570269Z
1774016624.573411,0x1b4,8,0000000000000000,benign,,,2026-03-20T14:23:44.573628Z
1774016624.576823,0xba,8,033264324100000c,benign,,,2026-03-20T14:23:44.577079Z
1774016624.77059,0x1a0,8,000000f020300242,benign,,,2026-03-20T14:23:44.770953Z
1774016624.814943,0xc4,8,0000000000000000,benign,,,2026-03-20T14:23:44.815291Z
1774016624.81822,0x1b4,8,0000000000000000,benign,,,2026-03-20T14:23:44.818464Z
1774016624.822407,0xba,8,033264324100000c,benign,,,2026-03-20T14:23:44.822651Z
1774016625.01564,0x1a0,8,000000f020300242,benign,,,2026-03-20T14:23:45.015936Z
1774016625.065479,0xc4,8,0000000000000000,benign,,,2026-03-20T14:23:45.065848Z
1774016625.069344,0x1b4,8,0000000000000000,benign,,,2026-03-20T14:23:45.069657Z
1774016625.073003,0xba,8,033264324100000c,benign,,,2026-03-20T14:23:45.073263Z
1774016625.266168,0x1a0,8,000000f020300242,benign,,,2026-03-20T14:23:45.266669Z
1774016625.313797,0xc4,8,0000000000000000,benign,,,2026-03-20T14:23:45.314191Z
1774016625.317214,0x1b4,8,0000000000000000,benign,,,2026-03-20T14:23:45.317460Z
1774016625.32012,0xba,8,033264324100000c,benign,,,2026-03-20T14:23:45.320417Z
1774016625.514418,0x1a0,8,000000f020300242,benign,,,2026-03-20T14:23:45.514646Z
1774016625.559372,0xc4,8,0000000000000000,benign,,,2026-03-20T14:23:45.559637Z
1774016625.562269,0x1b4,8,0000000000000000,benign,,,2026-03-20T14:23:45.562536Z
1774016625.564746,0xba,8,033264324100000c,benign,,,2026-03-20T14:23:45.565040Z
1774016625.760148,0x1a0,8,000000f020300242,benign,,,2026-03-20T14:23:45.760619Z
1774016625.813165,0xc4,8,0000000000000000,benign,,,2026-03-20T14:23:45.813856Z
1774016625.816719,0x1b4,8,0000000000000000,benign,,,2026-03-20T14:23:45.816959Z
1774016625.821558,0xba,8,033264324100000c,benign,,,2026-03-20T14:23:45.821814Z
1774016626.013796,0x1a0,8,000000f020300242,benign,,,2026-03-20T14:23:46.014154Z
1774016626.063392,0xc4,8,0000000000000000,benign,,,2026-03-20T14:23:46.063628Z
1774016626.066537,0x1b4,8,0000000000000000,benign,,,2026-03-20T14:23:46.066834Z
1774016626.070012,0xba,8,033264324100000c,benign,,,2026-03-20T14:23:46.070226Z
1774016626.264378,0x1a0,8,000000f020300242,benign,,,2026-03-20T14:23:46.264641Z
1774016626.316635,0xc4,8,0000000000000000,benign,,,2026-03-20T14:23:46.316945Z
1774016626.319364,0x1b4,8,0000000000000000,benign,,,2026-03-20T14:23:46.319574Z
1774016626.322991,0xba,8,033264324100000c,benign,,,2026-03-20T14:23:46.323264Z
1774016626.517176,0x1a0,8,000000f020300242,benign,,,2026-03-20T14:23:46.517441Z
1774016626.566015,0xc4,8,0000000000000000,benign,,,2026-03-20T14:23:46.566274Z
1774016626.570067,0x1b4,8,0000000000000000,benign,,,2026-03-20T14:23:46.570370Z
1774016626.573408,0xba,8,033264324100000c,benign,,,2026-03-20T14:23:46.573675Z
1774016626.766671,0x1a0,8,000000f020300242,benign,,,2026-03-20T14:23:46.766957Z
1774016626.821974,0xc4,8,0000000000000000,benign,,,2026-03-20T14:23:46.822267Z
1774016626.825082,0x1b4,8,0000000000000000,benign,,,2026-03-20T14:23:46.825376Z
1774016626.832556,0xba,8,033264324100000c,benign,,,2026-03-20T14:23:46.832855Z
1774016627.022498,0x1a0,8,000000f020300242,benign,,,2026-03-20T14:23:47.022853Z
1774016627.070853,0xc4,8,0000000000000000,benign,,,2026-03-20T14:23:47.071133Z
1774016627.074277,0x1b4,8,0000000000000000,benign,,,2026-03-20T14:23:47.074537Z
1774016627.077548,0xba,8,033264324100000c,benign,,,2026-03-20T14:23:47.077817Z
1774016627.271509,0x1a0,8,000000f020300242,benign,,,2026-03-20T14:23:47.271928Z
1774016858.673408,0xc4,8,0000000000000000,benign,,,2026-03-20T14:27:38.673671Z
1774016858.676411,0x1b4,8,0000000000000000,benign,,,2026-03-20T14:27:38.676642Z
1774016858.679844,0xba,8,033264324100000c,benign,,,2026-03-20T14:27:38.680136Z
1774016627.521963,0x1a0,8,000000f020300242,benign,,,2026-03-20T14:23:47.522226Z
1774016627.570418,0xc4,8,0000000000000000,benign,,,2026-03-20T14:23:47.570694Z
1774016627.573827,0x1b4,8,0000000000000000,benign,,,2026-03-20T14:23:47.574057Z
1774016627.57926,0xba,8,033264324100000c,benign,,,2026-03-20T14:23:47.579556Z
1774016627.771263,0x1a0,8,000000f020300242,benign,,,2026-03-20T14:23:47.771626Z
1774016627.823949,0xc4,8,0000000000000000,benign,,,2026-03-20T14:23:47.824283Z
1774016627.8269,0x1b4,8,0000000000000000,benign,,,2026-03-20T14:23:47.827182Z
1774016627.830802,0xba,8,033264324100000c,benign,,,2026-03-20T14:23:47.831042Z
1774016628.024663,0x1a0,8,000000f020300242,benign,,,2026-03-20T14:23:48.024905Z
1774016628.071248,0xc4,8,0000000000000000,benign,,,2026-03-20T14:23:48.071479Z
1774016628.073941,0x1b4,8,0000000000000000,benign,,,2026-03-20T14:23:48.074212Z
1774016628.077043,0xba,8,033264324100000c,benign,,,2026-03-20T14:23:48.077339Z
1774016628.271966,0x1a0,8,000000f020300242,benign,,,2026-03-20T14:23:48.272241Z
1774016628.32751,0xc4,8,0000000000000000,benign,,,2026-03-20T14:23:48.327829Z
1774016628.331272,0x1b4,8,0000000000000000,benign,,,2026-03-20T14:23:48.331575Z
1774016628.334819,0xba,8,033264324100000c,benign,,,2026-03-20T14:23:48.335087Z
1774016628.528321,0x1a0,8,000000f020300242,benign,,,2026-03-20T14:23:48.528744Z
1774016628.581348,0xc4,8,0000000000000000,benign,,,2026-03-20T14:23:48.581618Z
1774016628.585142,0x1b4,8,0000000000000000,benign,,,2026-03-20T14:23:48.585417Z
1774016628.589362,0xba,8,033264324100000c,benign,,,2026-03-20T14:23:48.589851Z
1774016628.782078,0x1a0,8,000000f020300242,benign,,,2026-03-20T14:23:48.782334Z
1774016628.832684,0xc4,8,0000000000000000,benign,,,2026-03-20T14:23:48.832936Z
1774016628.83597,0x1b4,8,0000000000000000,benign,,,2026-03-20T14:23:48.836213Z
1774016628.841133,0xba,8,033264324100000c,benign,,,2026-03-20T14:23:48.841400Z
1774016629.033278,0x1a0,8,000000f020300242,benign,,,2026-03-20T14:23:49.033514Z
1774016629.080102,0xc4,8,0000000000000000,benign,,,2026-03-20T14:23:49.080340Z
1774016629.083119,0x1b4,8,0000000000000000,benign,,,2026-03-20T14:23:49.083352Z
1774016629.085761,0xba,8,033264324100000c,benign,,,2026-03-20T14:23:49.086044Z
1774016629.280805,0x1a0,8,000000f020300242,benign,,,2026-03-20T14:23:49.281218Z
1774016629.339549,0xc4,8,0000000000000000,benign,,,2026-03-20T14:23:49.339858Z
1774016629.346556,0x1b4,8,0000000000000000,benign,,,2026-03-20T14:23:49.346793Z
1774016629.369495,0xba,8,033264324100000c,benign,,,2026-03-20T14:23:49.369787Z
1774016629.540385,0x1a0,8,000000f020300242,benign,,,2026-03-20T14:23:49.540649Z
1774016629.597168,0xc4,8,0000000000000000,benign,,,2026-03-20T14:23:49.597456Z
1774016629.600066,0x1b4,8,0000000000000000,benign,,,2026-03-20T14:23:49.600343Z
1774016629.604972,0xba,8,033264324100000c,benign,,,2026-03-20T14:23:49.605191Z
1774016629.797827,0x1a0,8,000000f020300242,benign,,,2026-03-20T14:23:49.798118Z
1774016629.8495,0xc4,8,0000000000000000,benign,,,2026-03-20T14:23:49.849846Z
1774016629.853343,0x1b4,8,0000000000000000,benign,,,2026-03-20T14:23:49.853608Z
1774016629.857352,0xba,8,033264324100000c,benign,,,2026-03-20T14:23:49.857633Z
1774016630.050079,0x1a0,8,000000f020300242,benign,,,2026-03-20T14:23:50.050393Z
1774016630.102701,0xc4,8,0000000000000000,benign,,,2026-03-20T14:23:50.102939Z
1774016630.106113,0x1b4,8,0000000000000000,benign,,,2026-03-20T14:23:50.106412Z
1774016630.111386,0xba,8,033264324100000c,benign,,,2026-03-20T14:23:50.111652Z
1774016630.303416,0x1a0,8,000000f020300242,benign,,,2026-03-20T14:23:50.303725Z
1774016630.366229,0xc4,8,0000000000000000,benign,,,2026-03-20T14:23:50.366471Z
1774016630.384537,0x1b4,8,0000000000000000,benign,,,2026-03-20T14:23:50.384859Z
1774016630.397891,0xba,8,033264324100000c,benign,,,2026-03-20T14:23:50.398177Z
1774016630.566895,0x1a0,8,000000f020300242,benign,,,2026-03-20T14:23:50.567177Z
1774016630.650841,0xc4,8,0000000000000000,benign,,,2026-03-20T14:23:50.651142Z
1774016630.694453,0x1b4,8,0000000000000000,benign,,,2026-03-20T14:23:50.694756Z
1774016630.715391,0xba,8,033264324100000c,benign,,,2026-03-20T14:23:50.715605Z
1774016630.851495,0x1a0,8,000000f020300242,benign,,,2026-03-20T14:23:50.851754Z
1774016630.943563,0xc4,8,0000000000000000,benign,,,2026-03-20T14:23:50.952852Z
1774016630.954054,0x1b4,8,0000000000000000,benign,,,2026-03-20T14:23:50.954281Z
1774016630.957738,0xba,8,033264324100000c,benign,,,2026-03-20T14:23:50.957966Z
1774016631.144104,0x1a0,8,000000f020300242,benign,,,2026-03-20T14:23:51.144369Z
1774016631.246806,0xc4,8,0000000000000000,benign,,,2026-03-20T14:23:51.247502Z
1774016631.258212,0x1b4,8,0000000000000000,benign,,,2026-03-20T14:23:51.258845Z
1774016631.274255,0xba,8,033264324100000c,benign,,,2026-03-20T14:23:51.274572Z
1774016631.447465,0x1a0,8,000000f020300242,benign,,,2026-03-20T14:23:51.447710Z
1774016631.537614,0xc4,8,0000000000000000,benign,,,2026-03-20T14:23:51.537944Z
1774016631.549287,0x1b4,8,0000000000000000,benign,,,2026-03-20T14:23:51.549649Z
1774016631.559917,0xba,8,033264324100000c,benign,,,2026-03-20T14:23:51.560713Z
1774016631.738279,0x1a0,8,000000f020300242,benign,,,2026-03-20T14:23:51.738835Z
1774016631.817912,0xc4,8,0000000000000000,benign,,,2026-03-20T14:23:51.818156Z
1774016631.832891,0x1b4,8,0000000000000000,benign,,,2026-03-20T14:23:51.834378Z
1774016631.848628,0xba,8,033264324100000c,benign,,,2026-03-20T14:23:51.849951Z
1774016632.018588,0x1a0,8,000000f020300242,benign,,,2026-03-20T14:23:52.018805Z
1774016632.122381,0xc4,8,0000000000000000,benign,,,2026-03-20T14:23:52.122594Z
1774016632.132284,0x1b4,8,0000000000000000,benign,,,2026-03-20T14:23:52.132809Z
1774016632.137414,0xba,8,033264324100000c,benign,,,2026-03-20T14:23:52.137637Z
1774016632.323169,0x1a0,8,000000f020300242,benign,,,2026-03-20T14:23:52.330758Z
1774016863.74029,0xc4,8,0000000000000000,benign,,,2026-03-20T14:27:43.740620Z
1774016863.744165,0x1b4,8,0000000000000000,benign,,,2026-03-20T14:27:43.744454Z
1774016863.748406,0xba,8,033264324100000c,benign,,,2026-03-20T14:27:43.748688Z
1774016632.587189,0x1a0,8,000000f020300242,benign,,,2026-03-20T14:23:52.587512Z
1774016632.66723,0xc4,8,0000000000000000,benign,,,2026-03-20T14:23:52.667534Z
1774016632.679982,0x1b4,8,0000000000000000,benign,,,2026-03-20T14:23:52.680276Z
1774016632.774369,0xba,8,033264324100000c,benign,,,2026-03-20T14:23:52.774664Z
1774016632.868056,0x1a0,8,000000f020300242,benign,,,2026-03-20T14:23:52.868402Z
1774016632.943586,0xc4,8,0000000000000000,benign,,,2026-03-20T14:23:52.943884Z
1774016632.950878,0x1b4,8,0000000000000000,benign,,,2026-03-20T14:23:52.951156Z
1774016632.956047,0xba,8,033264324100000c,benign,,,2026-03-20T14:23:52.956380Z
1774016633.144325,0x1a0,8,000000f020300242,benign,,,2026-03-20T14:23:53.144651Z
1774016633.202841,0xc4,8,0000000000000000,benign,,,2026-03-20T14:23:53.203164Z
1774016633.206015,0x1b4,8,0000000000000000,benign,,,2026-03-20T14:23:53.206324Z
1774016633.210977,0xba,8,033264324100000c,benign,,,2026-03-20T14:23:53.211529Z
1774016633.403513,0x1a0,8,000000f020300242,benign,,,2026-03-20T14:23:53.403781Z
1774016633.461903,0xc4,8,0000000000000000,benign,,,2026-03-20T14:23:53.462260Z
1774016633.466878,0x1b4,8,0000000000000000,benign,,,2026-03-20T14:23:53.467137Z
1774016633.472157,0xba,8,033264324100000c,benign,,,2026-03-20T14:23:53.472415Z
1774016633.662663,0x1a0,8,000000f020300242,benign,,,2026-03-20T14:23:53.662905Z
1774016633.717012,0xc4,8,0000000000000000,benign,,,2026-03-20T14:23:53.717272Z
1774016633.720455,0x1b4,8,0000000000000000,benign,,,2026-03-20T14:23:53.720708Z
1774016633.724434,0xba,8,033264324100000c,benign,,,2026-03-20T14:23:53.724683Z
1774016633.917729,0x1a0,8,000000f020300242,benign,,,2026-03-20T14:23:53.918025Z
1774016633.964159,0xc4,8,0000000000000000,benign,,,2026-03-20T14:23:53.964441Z
1774016633.967361,0x1b4,8,0000000000000000,benign,,,2026-03-20T14:23:53.967706Z
1774016633.970825,0xba,8,033264324100000c,benign,,,2026-03-20T14:23:53.971128Z
1774016634.164758,0x1a0,8,000000f020300242,benign,,,2026-03-20T14:23:54.165043Z
1774016634.219582,0xc4,8,0000000000000000,benign,,,2026-03-20T14:23:54.219833Z
1774016634.222733,0x1b4,8,0000000000000000,benign,,,2026-03-20T14:23:54.223018Z
1774016634.227884,0xba,8,033264324100000c,benign,,,2026-03-20T14:23:54.228173Z
1774016634.420241,0x1a0,8,000000f020300242,benign,,,2026-03-20T14:23:54.420474Z
1774016634.467976,0xc4,8,0000000000000000,benign,,,2026-03-20T14:23:54.468251Z
1774016634.470827,0x1b4,8,0000000000000000,benign,,,2026-03-20T14:23:54.471077Z
1774016634.474111,0xba,8,033264324100000c,benign,,,2026-03-20T14:23:54.474352Z
1774016634.668607,0x1a0,8,000000f020300242,benign,,,2026-03-20T14:23:54.668888Z
1774016634.715262,0xc4,8,0000000000000000,benign,,,2026-03-20T14:23:54.715518Z
1774016634.718402,0x1b4,8,0000000000000000,benign,,,2026-03-20T14:23:54.718675Z
1774016634.721908,0xba,8,033264324100000c,benign,,,2026-03-20T14:23:54.722122Z
1774016634.91586,0x1a0,8,000000f020300242,benign,,,2026-03-20T14:23:54.916131Z
1774016634.969481,0xc4,8,0000000000000000,benign,,,2026-03-20T14:23:54.969733Z
1774016634.972549,0x1b4,8,0000000000000000,benign,,,2026-03-20T14:23:54.972830Z
1774016634.975969,0xba,8,033264324100000c,benign,,,2026-03-20T14:23:54.976234Z
1774016635.170083,0x1a0,8,000000f020300242,benign,,,2026-03-20T14:23:55.170378Z
1774016635.222155,0xc4,8,0000000000000000,benign,,,2026-03-20T14:23:55.222450Z
1774016635.224937,0x1b4,8,0000000000000000,benign,,,2026-03-20T14:23:55.225195Z
1774016635.227537,0xba,8,033264324100000c,benign,,,2026-03-20T14:23:55.227808Z
1774016635.422908,0x1a0,8,000000f020300242,benign,,,2026-03-20T14:23:55.423274Z
1774016635.473006,0xc4,8,0000000000000000,benign,,,2026-03-20T14:23:55.473285Z
1774016635.475632,0x1b4,8,0000000000000000,benign,,,2026-03-20T14:23:55.475873Z
1774016635.47885,0xba,8,033264324100000c,benign,,,2026-03-20T14:23:55.479121Z
1774016635.67365,0x1a0,8,000000f020300242,benign,,,2026-03-20T14:23:55.673893Z
1774016635.720401,0xc4,8,0000000000000000,benign,,,2026-03-20T14:23:55.720661Z
1774016635.723419,0x1b4,8,0000000000000000,benign,,,2026-03-20T14:23:55.723652Z
1774016635.727,0xba,8,033264324100000c,benign,,,2026-03-20T14:23:55.727269Z
1774016635.92112,0x1a0,8,000000f020300242,benign,,,2026-03-20T14:23:55.921403Z
1774016635.973787,0xc4,8,0000000000000000,benign,,,2026-03-20T14:23:55.974051Z
1774016635.977232,0x1b4,8,0000000000000000,benign,,,2026-03-20T14:23:55.977525Z
1774016635.982631,0xba,8,033264324100000c,benign,,,2026-03-20T14:23:55.982864Z
1774016636.174482,0x1a0,8,000000f020300242,benign,,,2026-03-20T14:23:56.174732Z
1774016636.221961,0xc4,8,0000000000000000,benign,,,2026-03-20T14:23:56.222226Z
1774016636.22503,0x1b4,8,0000000000000000,benign,,,2026-03-20T14:23:56.225297Z
1774016636.228565,0xba,8,033264324100000c,benign,,,2026-03-20T14:23:56.228851Z
1774016636.422663,0x1a0,8,000000f020300242,benign,,,2026-03-20T14:23:56.422889Z
1774016636.476759,0xc4,8,0000000000000000,benign,,,2026-03-20T14:23:56.477006Z
1774016636.480524,0x1b4,8,0000000000000000,benign,,,2026-03-20T14:23:56.480863Z
1774016636.484905,0xba,8,033264324100000c,benign,,,2026-03-20T14:23:56.485164Z
1774016636.677391,0x1a0,8,000000f020300242,benign,,,2026-03-20T14:23:56.677642Z
1774016636.730138,0xc4,8,0000000000000000,benign,,,2026-03-20T14:23:56.730402Z
1774016636.733169,0x1b4,8,0000000000000000,benign,,,2026-03-20T14:23:56.733411Z
1774016636.736191,0xba,8,033264324100000c,benign,,,2026-03-20T14:23:56.736468Z
1774016636.930724,0x1a0,8,000000f020300242,benign,,,2026-03-20T14:23:56.931020Z
1774016636.987866,0xc4,8,0000000000000000,benign,,,2026-03-20T14:23:56.988165Z
1774016636.994469,0x1b4,8,0000000000000000,benign,,,2026-03-20T14:23:56.994772Z
1774016636.998427,0xba,8,033264324100000c,benign,,,2026-03-20T14:23:56.998714Z
1774016637.188517,0x1a0,8,000000f020300242,benign,,,2026-03-20T14:23:57.188833Z
1774016637.236642,0xc4,8,0000000000000000,benign,,,2026-03-20T14:23:57.236910Z
1774016637.239485,0x1b4,8,0000000000000000,benign,,,2026-03-20T14:23:57.239758Z
1774016637.243745,0xba,8,033264324100000c,benign,,,2026-03-20T14:23:57.244000Z
1774016868.791145,0x1a0,8,000000f020300242,benign,,,2026-03-20T14:27:48.791442Z
1774016868.84964,0xc4,8,0000000000000000,benign,,,2026-03-20T14:27:48.849904Z
1774016868.855411,0x1b4,8,0000000000000000,benign,,,2026-03-20T14:27:48.855676Z
1774016868.858763,0xba,8,033264324100000c,benign,,,2026-03-20T14:27:48.859053Z
1774016637.701247,0x1a0,8,000000f020300242,benign,,,2026-03-20T14:23:57.701540Z
1774016637.756186,0xc4,8,0000000000000000,benign,,,2026-03-20T14:23:57.756471Z
1774016637.759467,0x1b4,8,0000000000000000,benign,,,2026-03-20T14:23:57.759750Z
1774016637.764432,0xba,8,033264324100000c,benign,,,2026-03-20T14:23:57.764666Z
1774016637.956911,0x1a0,8,000000f020300242,benign,,,2026-03-20T14:23:57.957203Z
1774016638.012212,0xc4,8,0000000000000000,benign,,,2026-03-20T14:23:58.012488Z
1774016638.015012,0x1b4,8,0000000000000000,benign,,,2026-03-20T14:23:58.015267Z
1774016638.017396,0xba,8,033264324100000c,benign,,,2026-03-20T14:23:58.017653Z
1774016638.212976,0x1a0,8,000000f020300242,benign,,,2026-03-20T14:23:58.213229Z
1774016638.265393,0xc4,8,0000000000000000,benign,,,2026-03-20T14:23:58.265665Z
1774016638.26915,0x1b4,8,0000000000000000,benign,,,2026-03-20T14:23:58.269438Z
1774016638.273231,0xba,8,033264324100000c,benign,,,2026-03-20T14:23:58.273501Z
1774016638.466002,0x1a0,8,000000f020300242,benign,,,2026-03-20T14:23:58.466232Z
1774016638.523067,0xc4,8,0000000000000000,benign,,,2026-03-20T14:23:58.523346Z
1774016638.528354,0x1b4,8,0000000000000000,benign,,,2026-03-20T14:23:58.528628Z
1774016638.531878,0xba,8,033264324100000c,benign,,,2026-03-20T14:23:58.532157Z
1774016638.723945,0x1a0,8,000000f020300242,benign,,,2026-03-20T14:23:58.724239Z
1774016638.778161,0xc4,8,0000000000000000,benign,,,2026-03-20T14:23:58.778425Z
1774016638.781018,0x1b4,8,0000000000000000,benign,,,2026-03-20T14:23:58.781260Z
1774016638.785398,0xba,8,033264324100000c,benign,,,2026-03-20T14:23:58.785676Z
1774016638.978794,0x1a0,8,000000f020300242,benign,,,2026-03-20T14:23:58.979065Z
1774016639.023786,0xc4,8,0000000000000000,benign,,,2026-03-20T14:23:59.024042Z
1774016639.026454,0x1b4,8,0000000000000000,benign,,,2026-03-20T14:23:59.026693Z
1774016639.029838,0xba,8,033264324100000c,benign,,,2026-03-20T14:23:59.030075Z
1774016639.224465,0x1a0,8,000000f020300242,benign,,,2026-03-20T14:23:59.224727Z
1774016639.272998,0xc4,8,0000000000000000,benign,,,2026-03-20T14:23:59.273334Z
1774016639.275758,0x1b4,8,0000000000000000,benign,,,2026-03-20T14:23:59.276017Z
1774016639.279367,0xba,8,033264324100000c,benign,,,2026-03-20T14:23:59.279605Z
1774016639.473619,0x1a0,8,000000f020300242,benign,,,2026-03-20T14:23:59.473897Z
1774016639.530347,0xc4,8,0000000000000000,benign,,,2026-03-20T14:23:59.530604Z
1774016639.532934,0x1b4,8,0000000000000000,benign,,,2026-03-20T14:23:59.533173Z
1774016639.536543,0xba,8,033264324100000c,benign,,,2026-03-20T14:23:59.536830Z
1774016639.73103,0x1a0,8,000000f020300242,benign,,,2026-03-20T14:23:59.731389Z
1774016639.791831,0xc4,8,0000000000000000,benign,,,2026-03-20T14:23:59.792194Z
1774016639.79637,0x1b4,8,0000000000000000,benign,,,2026-03-20T14:23:59.796605Z
1774016639.798667,0xba,8,033264324100000c,benign,,,2026-03-20T14:23:59.798971Z
1774016639.99251,0x1a0,8,000000f020300242,benign,,,2026-03-20T14:23:59.992813Z
1774016640.040103,0xc4,8,0000000000000000,benign,,,2026-03-20T14:24:00.040333Z
1774016640.042787,0x1b4,8,0000000000000000,benign,,,2026-03-20T14:24:00.043065Z
1774016640.045764,0xba,8,033264324100000c,benign,,,2026-03-20T14:24:00.046057Z
1774016640.240771,0x1a0,8,000000f020300242,benign,,,2026-03-20T14:24:00.241042Z
1774016640.292654,0xc4,8,0000000000000000,benign,,,2026-03-20T14:24:00.292913Z
1774016640.295236,0x1b4,8,0000000000000000,benign,,,2026-03-20T14:24:00.295500Z
1774016640.297516,0xba,8,033264324100000c,benign,,,2026-03-20T14:24:00.297784Z
1774016640.559636,0xc4,8,0000000000000000,benign,,,2026-03-20T14:24:00.559935Z
1774016640.565818,0x1b4,8,0000000000000000,benign,,,2026-03-20T14:24:00.566022Z
1774016640.570313,0xba,8,033264324100000c,benign,,,2026-03-20T14:24:00.570560Z
1774016640.762463,0x1a0,8,000000f020300242,benign,,,2026-03-20T14:24:00.763770Z
1774016640.830572,0xc4,8,0000000000000000,benign,,,2026-03-20T14:24:00.830815Z
1774016640.840596,0x1b4,8,0000000000000000,benign,,,2026-03-20T14:24:00.840795Z
1774016640.851874,0xba,8,033264324100000c,benign,,,2026-03-20T14:24:00.852134Z
1774016641.031207,0x1a0,8,000000f020300242,benign,,,2026-03-20T14:24:01.036104Z
1774016641.11619,0xc4,8,0000000000000000,benign,,,2026-03-20T14:24:01.116396Z
1774016641.131205,0x1b4,8,0000000000000000,benign,,,2026-03-20T14:24:01.131690Z
1774016641.13806,0xba,8,033264324100000c,benign,,,2026-03-20T14:24:01.141351Z
1774016641.316929,0x1a0,8,000000f020300242,benign,,,2026-03-20T14:24:01.323549Z
1774016641.42288,0xc4,8,0000000000000000,benign,,,2026-03-20T14:24:01.426884Z
1774016641.445262,0x1b4,8,0000000000000000,benign,,,2026-03-20T14:24:01.445573Z
1774016641.456825,0xba,8,033264324100000c,benign,,,2026-03-20T14:24:01.457076Z
1774016641.623592,0x1a0,8,000000f020300242,benign,,,2026-03-20T14:24:01.626923Z
1774016641.724352,0xc4,8,0000000000000000,benign,,,2026-03-20T14:24:01.725794Z
1774016641.733153,0x1b4,8,0000000000000000,benign,,,2026-03-20T14:24:01.733500Z
1774016641.738101,0xba,8,033264324100000c,benign,,,2026-03-20T14:24:01.738371Z
1774016641.925134,0x1a0,8,000000f020300242,benign,,,2026-03-20T14:24:01.930711Z
1774016642.098449,0xc4,8,0000000000000000,benign,,,2026-03-20T14:24:02.098691Z
1774016642.122186,0x1b4,8,0000000000000000,benign,,,2026-03-20T14:24:02.122427Z
1774016642.154313,0xba,8,033264324100000c,benign,,,2026-03-20T14:24:02.165632Z
1774016642.299047,0x1a0,8,000000f020300242,benign,,,2026-03-20T14:24:02.299318Z
1774016873.774327,0xc4,8,0000000000000000,benign,,,2026-03-20T14:27:53.774744Z
1774016873.792458,0x1b4,8,0000000000000000,benign,,,2026-03-20T14:27:53.792777Z
1774016873.803796,0xba,8,033264324100000c,benign,,,2026-03-20T14:27:53.804091Z
1774016642.62816,0x1a0,8,000000f020300242,benign,,,2026-03-20T14:24:02.628801Z
1774016642.67783,0xc4,8,0000000000000000,benign,,,2026-03-20T14:24:02.678058Z
1774016642.68079,0x1b4,8,0000000000000000,benign,,,2026-03-20T14:24:02.681113Z
1774016642.684281,0xba,8,033264324100000c,benign,,,2026-03-20T14:24:02.684562Z
1774016642.878477,0x1a0,8,000000f020300242,benign,,,2026-03-20T14:24:02.878749Z
1774016642.930947,0xc4,8,0000000000000000,benign,,,2026-03-20T14:24:02.931220Z
1774016642.933732,0x1b4,8,0000000000000000,benign,,,2026-03-20T14:24:02.934067Z
1774016642.936438,0xba,8,033264324100000c,benign,,,2026-03-20T14:24:02.936819Z
1774016643.131612,0x1a0,8,000000f020300242,benign,,,2026-03-20T14:24:03.131952Z
1774016643.182682,0xc4,8,0000000000000000,benign,,,2026-03-20T14:24:03.182991Z
1774016643.185686,0x1b4,8,0000000000000000,benign,,,2026-03-20T14:24:03.185928Z
1774016643.188222,0xba,8,033264324100000c,benign,,,2026-03-20T14:24:03.188544Z
1774016643.383471,0x1a0,8,000000f020300242,benign,,,2026-03-20T14:24:03.383628Z
1774016643.436924,0xc4,8,0000000000000000,benign,,,2026-03-20T14:24:03.437190Z
1774016643.439734,0x1b4,8,0000000000000000,benign,,,2026-03-20T14:24:03.440010Z
1774016643.443239,0xba,8,033264324100000c,benign,,,2026-03-20T14:24:03.443510Z
1774016643.637558,0x1a0,8,000000f020300242,benign,,,2026-03-20T14:24:03.637821Z
1774016643.690803,0xc4,8,0000000000000000,benign,,,2026-03-20T14:24:03.691115Z
1774016643.693741,0x1b4,8,0000000000000000,benign,,,2026-03-20T14:24:03.694023Z
1774016643.696935,0xba,8,033264324100000c,benign,,,2026-03-20T14:24:03.697186Z
1774016643.891565,0x1a0,8,000000f020300242,benign,,,2026-03-20T14:24:03.891944Z
1774016643.941799,0xc4,8,0000000000000000,benign,,,2026-03-20T14:24:03.942083Z
1774016643.94511,0x1b4,8,0000000000000000,benign,,,2026-03-20T14:24:03.945365Z
1774016643.947756,0xba,8,033264324100000c,benign,,,2026-03-20T14:24:03.948054Z
1774016644.142369,0x1a0,8,000000f020300242,benign,,,2026-03-20T14:24:04.142574Z
1774016644.196837,0xc4,8,0000000000000000,benign,,,2026-03-20T14:24:04.197218Z
1774016644.20034,0x1b4,8,0000000000000000,benign,,,2026-03-20T14:24:04.200667Z
1774016644.216985,0xba,8,033264324100000c,benign,,,2026-03-20T14:24:04.217278Z
1774016644.397518,0x1a0,8,000000f020300242,benign,,,2026-03-20T14:24:04.397949Z
1774016644.450225,0xc4,8,0000000000000000,benign,,,2026-03-20T14:24:04.450504Z
1774016644.453624,0x1b4,8,0000000000000000,benign,,,2026-03-20T14:24:04.453908Z
1774016644.457657,0xba,8,033264324100000c,benign,,,2026-03-20T14:24:04.457930Z
1774016644.650926,0x1a0,8,000000f020300242,benign,,,2026-03-20T14:24:04.651225Z
1774016644.699511,0xc4,8,0000000000000000,benign,,,2026-03-20T14:24:04.699788Z
1774016644.703013,0x1b4,8,0000000000000000,benign,,,2026-03-20T14:24:04.703271Z
1774016644.706265,0xba,8,033264324100000c,benign,,,2026-03-20T14:24:04.706497Z
1774016644.900132,0x1a0,8,000000f020300242,benign,,,2026-03-20T14:24:04.900358Z
1774016644.946829,0xc4,8,0000000000000000,benign,,,2026-03-20T14:24:04.947102Z
1774016644.950163,0x1b4,8,0000000000000000,benign,,,2026-03-20T14:24:04.950408Z
1774016644.953237,0xba,8,033264324100000c,benign,,,2026-03-20T14:24:04.953527Z
1774016645.147593,0x1a0,8,000000f020300242,benign,,,2026-03-20T14:24:05.148026Z
1774016645.208061,0xc4,8,0000000000000000,benign,,,2026-03-20T14:24:05.208312Z
1774016645.211922,0x1b4,8,0000000000000000,benign,,,2026-03-20T14:24:05.212247Z
1774016645.216517,0xba,8,033264324100000c,benign,,,2026-03-20T14:24:05.216831Z
1774016645.40878,0x1a0,8,000000f020300242,benign,,,2026-03-20T14:24:05.409108Z
1774016645.468238,0xc4,8,0000000000000000,benign,,,2026-03-20T14:24:05.468534Z
1774016645.471261,0x1b4,8,0000000000000000,benign,,,2026-03-20T14:24:05.471550Z
1774016645.475028,0xba,8,033264324100000c,benign,,,2026-03-20T14:24:05.475362Z
1774016645.668954,0x1a0,8,000000f020300242,benign,,,2026-03-20T14:24:05.669393Z
1774016645.720601,0xc4,8,0000000000000000,benign,,,2026-03-20T14:24:05.720898Z
1774016645.72346,0x1b4,8,0000000000000000,benign,,,2026-03-20T14:24:05.723681Z
1774016645.726382,0xba,8,033264324100000c,benign,,,2026-03-20T14:24:05.726662Z
1774016645.921373,0x1a0,8,000000f020300242,benign,,,2026-03-20T14:24:05.921631Z
1774016645.982481,0xc4,8,0000000000000000,benign,,,2026-03-20T14:24:05.982852Z
1774016645.986874,0x1b4,8,0000000000000000,benign,,,2026-03-20T14:24:05.987166Z
1774016645.995399,0xba,8,033264324100000c,benign,,,2026-03-20T14:24:05.995668Z
1774016646.183159,0x1a0,8,000000f020300242,benign,,,2026-03-20T14:24:06.183426Z
1774016646.244634,0xc4,8,0000000000000000,benign,,,2026-03-20T14:24:06.244896Z
1774016646.251612,0x1b4,8,0000000000000000,benign,,,2026-03-20T14:24:06.251955Z
1774016646.255064,0xba,8,033264324100000c,benign,,,2026-03-20T14:24:06.255346Z
1774016646.445267,0x1a0,8,000000f020300242,benign,,,2026-03-20T14:24:06.445502Z
1774016646.492185,0xc4,8,0000000000000000,benign,,,2026-03-20T14:24:06.492457Z
1774016646.495073,0x1b4,8,0000000000000000,benign,,,2026-03-20T14:24:06.495414Z
1774016646.498602,0xba,8,033264324100000c,benign,,,2026-03-20T14:24:06.498916Z
1774016646.6928,0x1a0,8,000000f020300242,benign,,,2026-03-20T14:24:06.693088Z
1774016646.74153,0xc4,8,0000000000000000,benign,,,2026-03-20T14:24:06.741785Z
1774016646.746819,0x1b4,8,0000000000000000,benign,,,2026-03-20T14:24:06.747101Z
1774016646.749985,0xba,8,033264324100000c,benign,,,2026-03-20T14:24:06.750285Z
1774016646.942122,0x1a0,8,000000f020300242,benign,,,2026-03-20T14:24:06.942397Z
1774016647.001289,0xc4,8,0000000000000000,benign,,,2026-03-20T14:24:07.001589Z
1774016647.004488,0x1b4,8,0000000000000000,benign,,,2026-03-20T14:24:07.004727Z
1774016647.007743,0xba,8,033264324100000c,benign,,,2026-03-20T14:24:07.008014Z
1774016647.201977,0x1a0,8,000000f020300242,benign,,,2026-03-20T14:24:07.202321Z
1774016647.248327,0xc4,8,0000000000000000,benign,,,2026-03-20T14:24:07.248617Z
1774016647.251442,0x1b4,8,0000000000000000,benign,,,2026-03-20T14:24:07.251714Z
1774016647.254985,0xba,8,033264324100000c,benign,,,2026-03-20T14:24:07.255196Z
1774016878.795801,0x1a0,8,000000f020300242,benign,,,2026-03-20T14:27:58.796083Z
1774016878.84336,0xc4,8,0000000000000000,benign,,,2026-03-20T14:27:58.843636Z
1774016878.846929,0x1b4,8,0000000000000000,benign,,,2026-03-20T14:27:58.847184Z
1774016878.850807,0xba,8,033264324100000c,benign,,,2026-03-20T14:27:58.851073Z
1774016647.691061,0x1a0,8,000000f020300242,benign,,,2026-03-20T14:24:07.691315Z
1774016647.744391,0xc4,8,0000000000000000,benign,,,2026-03-20T14:24:07.745027Z
1774016647.747433,0x1b4,8,0000000000000000,benign,,,2026-03-20T14:24:07.747695Z
1774016647.751326,0xba,8,033264324100000c,benign,,,2026-03-20T14:24:07.751632Z
1774016647.945103,0x1a0,8,000000f020300242,benign,,,2026-03-20T14:24:07.945436Z
1774016648.016768,0xc4,8,0000000000000000,benign,,,2026-03-20T14:24:08.017471Z
1774016648.019851,0x1b4,8,0000000000000000,benign,,,2026-03-20T14:24:08.020119Z
1774016648.024673,0xba,8,033264324100000c,benign,,,2026-03-20T14:24:08.024984Z
1774016648.217417,0x1a0,8,000000f020300242,benign,,,2026-03-20T14:24:08.217837Z
1774016648.265273,0xc4,8,0000000000000000,benign,,,2026-03-20T14:24:08.265671Z
1774016648.267875,0x1b4,8,0000000000000000,benign,,,2026-03-20T14:24:08.268098Z
1774016648.270555,0xba,8,033264324100000c,benign,,,2026-03-20T14:24:08.270796Z
1774016648.466054,0x1a0,8,000000f020300242,benign,,,2026-03-20T14:24:08.466380Z
1774016648.526259,0xc4,8,0000000000000000,benign,,,2026-03-20T14:24:08.526560Z
1774016648.532288,0x1b4,8,0000000000000000,benign,,,2026-03-20T14:24:08.532549Z
1774016648.537339,0xba,8,033264324100000c,benign,,,2026-03-20T14:24:08.537697Z
1774016648.727034,0x1a0,8,000000f020300242,benign,,,2026-03-20T14:24:08.727475Z
1774016648.78649,0xc4,8,0000000000000000,benign,,,2026-03-20T14:24:08.786787Z
1774016648.7902,0x1b4,8,0000000000000000,benign,,,2026-03-20T14:24:08.790472Z
1774016648.795708,0xba,8,033264324100000c,benign,,,2026-03-20T14:24:08.795952Z
1774016648.987165,0x1a0,8,000000f020300242,benign,,,2026-03-20T14:24:08.987467Z
1774016649.042165,0xc4,8,0000000000000000,benign,,,2026-03-20T14:24:09.042446Z
1774016649.055689,0x1b4,8,0000000000000000,benign,,,2026-03-20T14:24:09.055972Z
1774016649.066044,0xba,8,033264324100000c,benign,,,2026-03-20T14:24:09.066309Z
1774016649.24264,0x1a0,8,000000f020300242,benign,,,2026-03-20T14:24:09.242936Z
1774016649.294934,0xc4,8,0000000000000000,benign,,,2026-03-20T14:24:09.295240Z
1774016649.298461,0x1b4,8,0000000000000000,benign,,,2026-03-20T14:24:09.298766Z
1774016649.302094,0xba,8,033264324100000c,benign,,,2026-03-20T14:24:09.302411Z
1774016649.495763,0x1a0,8,000000f020300242,benign,,,2026-03-20T14:24:09.496061Z
1774016649.546638,0xc4,8,0000000000000000,benign,,,2026-03-20T14:24:09.546945Z
1774016649.549429,0x1b4,8,0000000000000000,benign,,,2026-03-20T14:24:09.549681Z
1774016649.551898,0xba,8,033264324100000c,benign,,,2026-03-20T14:24:09.552190Z
1774016649.747352,0x1a0,8,000000f020300242,benign,,,2026-03-20T14:24:09.747704Z
1774016649.800765,0xc4,8,0000000000000000,benign,,,2026-03-20T14:24:09.801111Z
1774016649.804016,0x1b4,8,0000000000000000,benign,,,2026-03-20T14:24:09.804359Z
1774016649.81191,0xba,8,033264324100000c,benign,,,2026-03-20T14:24:09.812227Z
1774016650.001419,0x1a0,8,000000f020300242,benign,,,2026-03-20T14:24:10.001671Z
1774016650.048289,0xc4,8,0000000000000000,benign,,,2026-03-20T14:24:10.048542Z
1774016650.051031,0x1b4,8,0000000000000000,benign,,,2026-03-20T14:24:10.051288Z
1774016650.054541,0xba,8,033264324100000c,benign,,,2026-03-20T14:24:10.054961Z
1774016650.248934,0x1a0,8,000000f020300242,benign,,,2026-03-20T14:24:10.249201Z
1774016650.299216,0xc4,8,0000000000000000,benign,,,2026-03-20T14:24:10.299562Z
1774016650.303318,0x1b4,8,0000000000000000,benign,,,2026-03-20T14:24:10.303562Z
1774016650.306027,0xba,8,033264324100000c,benign,,,2026-03-20T14:24:10.306270Z
1774016650.499903,0x1a0,8,000000f020300242,benign,,,2026-03-20T14:24:10.500283Z
1774016650.552598,0xc4,8,0000000000000000,benign,,,2026-03-20T14:24:10.552880Z
1774016650.556495,0x1b4,8,0000000000000000,benign,,,2026-03-20T14:24:10.556760Z
1774016650.559594,0xba,8,033264324100000c,benign,,,2026-03-20T14:24:10.559866Z
1774016650.753257,0x1a0,8,000000f020300242,benign,,,2026-03-20T14:24:10.753666Z
1774016650.800514,0xc4,8,0000000000000000,benign,,,2026-03-20T14:24:10.800841Z
1774016650.803626,0x1b4,8,0000000000000000,benign,,,2026-03-20T14:24:10.803904Z
1774016650.807671,0xba,8,033264324100000c,benign,,,2026-03-20T14:24:10.807903Z
1774016651.001183,0x1a0,8,000000f020300242,benign,,,2026-03-20T14:24:11.001405Z
1774016651.053111,0xc4,8,0000000000000000,benign,,,2026-03-20T14:24:11.053309Z
1774016651.056543,0x1b4,8,0000000000000000,benign,,,2026-03-20T14:24:11.056817Z
1774016651.060066,0xba,8,033264324100000c,benign,,,2026-03-20T14:24:11.060326Z
1774016651.253797,0x1a0,8,000000f020300242,benign,,,2026-03-20T14:24:11.254070Z
1774016651.306094,0xc4,8,0000000000000000,benign,,,2026-03-20T14:24:11.306450Z
1774016651.309805,0x1b4,8,0000000000000000,benign,,,2026-03-20T14:24:11.310017Z
1774016651.314475,0xba,8,033264324100000c,benign,,,2026-03-20T14:24:11.314801Z
1774016651.506838,0x1a0,8,000000f020300242,benign,,,2026-03-20T14:24:11.507180Z
1774016651.56221,0xc4,8,0000000000000000,benign,,,2026-03-20T14:24:11.562581Z
1774016651.566991,0x1b4,8,0000000000000000,benign,,,2026-03-20T14:24:11.567229Z
1774016651.569723,0xba,8,033264324100000c,benign,,,2026-03-20T14:24:11.570023Z
1774016651.762853,0x1a0,8,000000f020300242,benign,,,2026-03-20T14:24:11.763131Z
1774016651.816177,0xc4,8,0000000000000000,benign,,,2026-03-20T14:24:11.816687Z
1774016651.819452,0x1b4,8,0000000000000000,benign,,,2026-03-20T14:24:11.819728Z
1774016651.822965,0xba,8,033264324100000c,benign,,,2026-03-20T14:24:11.823157Z
1774016652.016777,0x1a0,8,000000f020300242,benign,,,2026-03-20T14:24:12.017028Z
1774016652.063126,0xc4,8,0000000000000000,benign,,,2026-03-20T14:24:12.063402Z
1774016652.065893,0x1b4,8,0000000000000000,benign,,,2026-03-20T14:24:12.066291Z
1774016652.068342,0xba,8,033264324100000c,benign,,,2026-03-20T14:24:12.068585Z
